record_id,trench_id,scan_idx,susceptibility,depth
8,1,1,0.0,0.0
8,1,2,0.0055,1.7741935483870968
8,1,3,0.018,3.5483870967741935
8,1,4,0.0413,5.32258064516129
8,1,5,0.0415,7.096774193548387
8,1,6,0.0542,8.870967741935484
8,1,7,0.0718,10.64516129032258
8,1,8,0.0961,12.419354838709678
8,1,9,0.1183,14.193548387096774
8,1,10,0.1707,15.96774193548387
8,1,11,0.2306,17.741935483870968
8,1,12,0.213,19.516129032258064
8,1,13,0.1954,21.29032258064516
8,1,14,0.2099,23.064516129032256
8,1,15,0.2439,24.838709677419356
8,1,16,0.3232,26.612903225806452
8,1,17,0.4587,28.387096774193548
8,1,18,0.3704,30.161290322580644
8,1,19,0.2536,31.93548387096774
8,1,20,0.175,33.70967741935484
8,1,21,0.16,35.483870967741936
8,1,22,0.1418,37.25806451612903
8,1,23,0.135,39.03225806451613
8,1,24,0.1247,40.806451612903224
8,1,25,0.1306,42.58064516129032
8,1,26,0.118,44.354838709677416
8,1,27,0.0818,46.12903225806451
8,1,28,0.0596,47.903225806451616
8,1,29,0.0714,49.67741935483871
8,1,30,0.0829,51.45161290322581
8,1,31,0.078,53.225806451612904
8,1,32,0.0504,55.0
8,1,33,0.0454,56.774193548387096
8,1,34,0.0669,58.54838709677419
8,1,35,0.0962,60.32258064516129
8,1,36,0.1254,62.096774193548384
8,1,37,0.1076,63.87096774193548
8,1,38,0.0606,65.64516129032258
8,1,39,0.0615,67.41935483870968
8,1,40,0.0674,69.19354838709677
8,1,41,0.0819,70.96774193548387
8,1,42,0.0722,72.74193548387096
8,1,43,0.0939,74.51612903225806
8,1,44,0.1126,76.29032258064517
8,1,45,0.1372,78.06451612903226
8,1,46,0.1914,79.83870967741936
8,1,47,0.3154,81.61290322580645
8,1,48,0.4229,83.38709677419355
8,1,49,0.2307,85.16129032258064
8,1,50,0.1834,86.93548387096774
8,1,51,0.1808,88.70967741935483
8,1,52,0.1664,90.48387096774194
8,1,53,0.1885,92.25806451612902
8,1,54,0.4404,94.03225806451613
8,1,55,0.5403,95.80645161290323
8,1,56,0.387,97.58064516129032
8,1,57,0.2194,99.35483870967742
8,1,58,0.1084,101.12903225806451
8,1,59,0.0414,102.90322580645162
8,1,60,0.0154,104.6774193548387
8,1,61,0.0,106.45161290322581
8,1,62,0.0,108.2258064516129
8,1,63,0.0,110.0
9,1,1,0.0318,0.0
9,1,2,0.0627,2.0
9,1,3,0.1021,4.0
9,1,4,0.1018,6.0
9,1,5,0.1194,8.0
9,1,6,0.1968,10.0
9,1,7,0.2113,12.0
9,1,8,0.1624,14.0
9,1,9,0.2044,16.0
9,1,10,0.1944,18.0
9,1,11,0.0934,20.0
9,1,12,0.086,22.0
9,1,13,0.091,24.0
9,1,14,0.129,26.0
9,1,15,0.2344,28.0
9,1,16,0.1737,30.0
9,1,17,0.1176,32.0
9,1,18,0.0708,34.0
9,1,19,0.0597,36.0
9,1,20,0.044,38.0
9,1,21,0.0404,40.0
9,1,22,0.0405,42.0
9,1,23,0.0619,44.0
9,1,24,0.0781,46.0
9,1,25,0.109,48.0
9,1,26,0.1153,50.0
9,1,27,0.0922,52.0
9,1,28,0.0708,54.0
9,1,29,0.067,56.0
9,1,30,0.1414,58.0
9,1,31,0.1849,60.0
9,1,32,0.1758,62.0
9,1,33,0.1403,64.0
9,1,34,0.1506,66.0
9,1,35,0.1578,68.0
9,1,36,0.1707,70.0
9,1,37,0.2025,72.0
9,1,38,0.227,74.0
9,1,39,0.2294,76.0
9,1,40,0.2125,78.0
9,1,41,0.149,80.0
9,1,42,0.1553,82.0
9,1,43,0.2046,84.0
9,1,44,0.2136,86.0
9,1,45,0.2264,88.0
9,1,46,0.2141,90.0
9,1,47,0.4086,92.0
9,1,48,0.5181,94.0
9,1,49,0.5748,96.0
9,1,50,0.369,98.0
9,1,51,0.1733,100.0
9,1,52,0.0969,102.0
9,1,53,0.0656,104.0
9,1,54,0.0471,106.0
9,1,55,0.0339,108.0
9,1,56,0.0334,110.0
10,1,1,0.0006,0.0
10,1,2,0.0018,1.8032786885245902
10,1,3,0.0163,3.6065573770491803
10,1,4,0.0625,5.409836065573771
10,1,5,0.0662,7.213114754098361
10,1,6,0.0849,9.01639344262295
10,1,7,0.1253,10.819672131147541
10,1,8,0.182,12.62295081967213
10,1,9,0.1429,14.426229508196721
10,1,10,0.1888,16.229508196721312
10,1,11,0.1791,18.0327868852459
10,1,12,0.1717,19.83606557377049
10,1,13,0.1461,21.639344262295083
10,1,14,0.1291,23.442622950819672
10,1,15,0.1784,25.24590163934426
10,1,16,0.2598,27.049180327868854
10,1,17,0.2476,28.852459016393443
10,1,18,0.1427,30.65573770491803
10,1,19,0.073,32.459016393442624
10,1,20,0.0497,34.26229508196721
10,1,21,0.0502,36.0655737704918
10,1,22,0.0588,37.868852459016395
10,1,23,0.0554,39.67213114754098
10,1,24,0.057,41.47540983606557
10,1,25,0.0547,43.278688524590166
10,1,26,0.0429,45.08196721311475
10,1,27,0.0491,46.885245901639344
10,1,28,0.0446,48.68852459016394
10,1,29,0.0494,50.49180327868852
10,1,30,0.048,52.295081967213115
10,1,31,0.0231,54.09836065573771
10,1,32,0.0187,55.90163934426229
10,1,33,0.0388,57.704918032786885
10,1,34,0.0446,59.50819672131148
10,1,35,0.0301,61.31147540983606
10,1,36,0.02,63.114754098360656
10,1,37,0.027,64.91803278688525
10,1,38,0.0262,66.72131147540983
10,1,39,0.0363,68.52459016393442
10,1,40,0.0463,70.32786885245902
10,1,41,0.0649,72.1311475409836
10,1,42,0.0957,73.93442622950819
10,1,43,0.1987,75.73770491803279
10,1,44,0.2803,77.54098360655738
10,1,45,0.3196,79.34426229508196
10,1,46,0.2108,81.14754098360656
10,1,47,0.1399,82.95081967213115
10,1,48,0.1456,84.75409836065573
10,1,49,0.1611,86.55737704918033
10,1,50,0.1606,88.36065573770492
10,1,51,0.2127,90.1639344262295
10,1,52,0.2298,91.9672131147541
10,1,53,0.1709,93.77049180327869
10,1,54,0.1247,95.57377049180327
10,1,55,0.0399,97.37704918032787
10,1,56,0.0204,99.18032786885246
10,1,57,0.0043,100.98360655737704
10,1,58,0.0023,102.78688524590164
10,1,59,0.0,104.59016393442623
10,1,60,0.0,106.39344262295081
10,1,61,0.0,108.19672131147541
10,1,62,0.0,110.0
11,1,1,0.0193,0.0
11,1,2,0.0247,1.6417910447761195
11,1,3,0.0166,3.283582089552239
11,1,4,0.0271,4.925373134328359
11,1,5,0.0476,6.567164179104478
11,1,6,0.0731,8.208955223880597
11,1,7,0.0915,9.850746268656717
11,1,8,0.108,11.492537313432836
11,1,9,0.0932,13.134328358208956
11,1,10,0.0653,14.776119402985076
11,1,11,0.072,16.417910447761194
11,1,12,0.0998,18.059701492537314
11,1,13,0.1363,19.701492537313435
11,1,14,0.1666,21.343283582089555
11,1,15,0.179,22.98507462686567
11,1,16,0.2705,24.62686567164179
11,1,17,0.2741,26.26865671641791
11,1,18,0.1756,27.910447761194032
11,1,19,0.1055,29.552238805970152
11,1,20,0.0885,31.19402985074627
11,1,21,0.0559,32.83582089552239
11,1,22,0.0422,34.47761194029851
11,1,23,0.0453,36.11940298507463
11,1,24,0.0528,37.76119402985075
11,1,25,0.0595,39.40298507462687
11,1,26,0.0346,41.04477611940299
11,1,27,0.0336,42.68656716417911
11,1,28,0.0402,44.32835820895522
11,1,29,0.0381,45.97014925373134
11,1,30,0.0311,47.61194029850746
11,1,31,0.0337,49.25373134328358
11,1,32,0.0324,50.8955223880597
11,1,33,0.0374,52.53731343283582
11,1,34,0.0321,54.17910447761194
11,1,35,0.0372,55.820895522388064
11,1,36,0.0421,57.462686567164184
11,1,37,0.0461,59.104477611940304
11,1,38,0.0289,60.746268656716424
11,1,39,0.0258,62.38805970149254
11,1,40,0.0397,64.02985074626866
11,1,41,0.046,65.67164179104478
11,1,42,0.0365,67.3134328358209
11,1,43,0.0306,68.95522388059702
11,1,44,0.0453,70.59701492537313
11,1,45,0.0872,72.23880597014926
11,1,46,0.1677,73.88059701492537
11,1,47,0.2426,75.5223880597015
11,1,48,0.1656,77.16417910447761
11,1,49,0.1007,78.80597014925374
11,1,50,0.1054,80.44776119402985
11,1,51,0.1267,82.08955223880598
11,1,52,0.1478,83.73134328358209
11,1,53,0.1328,85.37313432835822
11,1,54,0.1556,87.01492537313433
11,1,55,0.1801,88.65671641791045
11,1,56,0.1789,90.29850746268657
11,1,57,0.136,91.94029850746269
11,1,58,0.0561,93.58208955223881
11,1,59,0.0125,95.22388059701493
11,1,60,0.0007,96.86567164179105
11,1,61,0.0,98.50746268656717
11,1,62,0.0,100.1492537313433
11,1,63,0.0,101.7910447761194
11,1,64,0.0,103.43283582089553
11,1,65,0.0,105.07462686567165
11,1,66,0.0,106.71641791044776
11,1,67,0.0,108.35820895522389
11,1,68,0.0,110.0
15,2,1,0.0088,0.0
15,2,2,0.023,1.7446808510638299
15,2,3,0.0311,3.4893617021276597
15,2,4,0.0617,5.23404255319149
15,2,5,0.1071,6.9787234042553195
15,2,6,0.1724,8.72340425531915
15,2,7,0.2722,10.46808510638298
15,2,8,0.3248,12.212765957446809
15,2,9,0.3586,13.957446808510639
15,2,10,0.3466,15.702127659574469
15,2,11,0.1971,17.4468085106383
15,2,12,0.152,19.19148936170213
15,2,13,0.1196,20.93617021276596
15,2,14,0.129,22.680851063829788
15,2,15,0.0905,24.425531914893618
15,2,16,0.0764,26.170212765957448
15,2,17,0.0819,27.914893617021278
15,2,18,0.1021,29.659574468085108
15,2,19,0.0915,31.404255319148938
15,2,20,0.0579,33.148936170212764
15,2,21,0.037,34.8936170212766
15,2,22,0.0523,36.63829787234043
15,2,23,0.0766,38.38297872340426
15,2,24,0.0267,40.12765957446808
15,2,25,0.0038,41.87234042553192
15,2,26,0.0,43.61702127659575
15,2,27,0.0,45.361702127659576
15,2,28,0.0137,47.1063829787234
15,2,29,0.0666,48.851063829787236
15,2,30,0.0869,50.59574468085107
15,2,31,0.0296,52.340425531914896
15,2,32,0.012,54.08510638297872
15,2,33,0.0,55.829787234042556
15,2,34,0.0,57.57446808510639
15,2,35,0.0,59.319148936170215
15,2,36,0.0,61.06382978723404
15,2,37,0.0,62.808510638297875
15,2,38,0.0,64.55319148936171
15,2,39,0.0,66.29787234042553
15,2,40,0.0,68.04255319148936
15,2,41,0.0,69.7872340425532
15,2,42,0.0,71.53191489361703
15,2,43,0.0,73.27659574468086
15,2,44,0.0,75.02127659574468
15,2,45,0.0,76.76595744680851
15,2,46,0.0162,78.51063829787235
15,2,47,0.046,80.25531914893617
15,2,48,0.0333,82.0
16,2,1,0.0023,0.0
16,2,2,0.0411,1.7826086956521738
16,2,3,0.1073,3.5652173913043477
16,2,4,0.1671,5.3478260869565215
16,2,5,0.1701,7.130434782608695
16,2,6,0.2057,8.91304347826087
16,2,7,0.317,10.695652173913043
16,2,8,0.3931,12.478260869565217
16,2,9,0.3598,14.26086956521739
16,2,10,0.2343,16.043478260869563
16,2,11,0.1197,17.82608695652174
16,2,12,0.0724,19.608695652173914
16,2,13,0.0549,21.391304347826086
16,2,14,0.0514,23.173913043478258
16,2,15,0.0485,24.956521739130434
16,2,16,0.0596,26.73913043478261
16,2,17,0.0958,28.52173913043478
16,2,18,0.1009,30.304347826086953
16,2,19,0.0791,32.086956521739125
16,2,20,0.0467,33.869565217391305
16,2,21,0.0432,35.65217391304348
16,2,22,0.0624,37.43478260869565
16,2,23,0.0792,39.21739130434783
16,2,24,0.0429,41.0
16,2,25,0.0131,42.78260869565217
16,2,26,0.0,44.565217391304344
16,2,27,0.0,46.347826086956516
16,2,28,0.0153,48.130434782608695
16,2,29,0.0487,49.91304347826087
16,2,30,0.0341,51.69565217391304
16,2,31,0.0,53.47826086956522
16,2,32,0.0,55.26086956521739
16,2,33,0.0,57.04347826086956
16,2,34,0.0,58.826086956521735
16,2,35,0.0,60.60869565217391
16,2,36,0.0,62.391304347826086
16,2,37,0.0,64.17391304347825
16,2,38,0.0,65.95652173913044
16,2,39,0.0,67.73913043478261
16,2,40,0.0,69.52173913043478
16,2,41,0.0,71.30434782608695
16,2,42,0.0,73.08695652173913
16,2,43,0.0272,74.8695652173913
16,2,44,0.0644,76.65217391304347
16,2,45,0.0949,78.43478260869566
16,2,46,0.0427,80.21739130434783
16,2,47,0.0,82.0
17,2,1,0.0015,0.0
17,2,2,0.0224,1.7446808510638299
17,2,3,0.0817,3.4893617021276597
17,2,4,0.1226,5.23404255319149
17,2,5,0.222,6.9787234042553195
17,2,6,0.2353,8.72340425531915
17,2,7,0.3192,10.46808510638298
17,2,8,0.4094,12.212765957446809
17,2,9,0.3169,13.957446808510639
17,2,10,0.1578,15.702127659574469
17,2,11,0.1349,17.4468085106383
17,2,12,0.1433,19.19148936170213
17,2,13,0.1577,20.93617021276596
17,2,14,0.1421,22.680851063829788
17,2,15,0.1194,24.425531914893618
17,2,16,0.1074,26.170212765957448
17,2,17,0.1184,27.914893617021278
17,2,18,0.1759,29.659574468085108
17,2,19,0.1785,31.404255319148938
17,2,20,0.0985,33.148936170212764
17,2,21,0.0755,34.8936170212766
17,2,22,0.1265,36.63829787234043
17,2,23,0.1248,38.38297872340426
17,2,24,0.0723,40.12765957446808
17,2,25,0.0265,41.87234042553192
17,2,26,0.0245,43.61702127659575
17,2,27,0.0474,45.361702127659576
17,2,28,0.1399,47.1063829787234
17,2,29,0.0974,48.851063829787236
17,2,30,0.0464,50.59574468085107
17,2,31,0.0108,52.340425531914896
17,2,32,0.0,54.08510638297872
17,2,33,0.0054,55.829787234042556
17,2,34,0.002,57.57446808510639
17,2,35,0.0,59.319148936170215
17,2,36,0.0,61.06382978723404
17,2,37,0.0,62.808510638297875
17,2,38,0.0,64.55319148936171
17,2,39,0.0,66.29787234042553
17,2,40,0.0,68.04255319148936
17,2,41,0.0,69.7872340425532
17,2,42,0.0,71.53191489361703
17,2,43,0.0,73.27659574468086
17,2,44,0.0265,75.02127659574468
17,2,45,0.0684,76.76595744680851
17,2,46,0.0768,78.51063829787235
17,2,47,0.0532,80.25531914893617
17,2,48,0.0218,82.0
18,2,1,0.0073,0.0
18,2,2,0.0175,2.0
18,2,3,0.0784,4.0
18,2,4,0.1061,6.0
18,2,5,0.1643,8.0
18,2,6,0.207,10.0
18,2,7,0.2964,12.0
18,2,8,0.356,14.0
18,2,9,0.3428,16.0
18,2,10,0.1952,18.0
18,2,11,0.1197,20.0
18,2,12,0.0845,22.0
18,2,13,0.0604,24.0
18,2,14,0.0843,26.0
18,2,15,0.1314,28.0
18,2,16,0.1786,30.0
18,2,17,0.1461,32.0
18,2,18,0.137,34.0
18,2,19,0.1811,36.0
18,2,20,0.1808,38.0
18,2,21,0.1357,40.0
18,2,22,0.0472,42.0
18,2,23,0.0243,44.0
18,2,24,0.0332,46.0
18,2,25,0.0695,48.0
18,2,26,0.1178,50.0
18,2,27,0.0831,52.0
18,2,28,0.0352,54.0
18,2,29,0.0665,56.0
18,2,30,0.0034,58.0
18,2,31,0.0,60.0
18,2,32,0.0,62.0
18,2,33,0.0,64.0
18,2,34,0.0,66.0
18,2,35,0.0,68.0
18,2,36,0.0,70.0
18,2,37,0.0,72.0
18,2,38,0.0075,74.0
18,2,39,0.0516,76.0
18,2,40,0.0486,78.0
18,2,41,0.0399,80.0
18,2,42,0.032,82.0
19,3,1,0.0075,0.0
19,3,2,0.0401,2.061224489795918
19,3,3,0.0691,4.122448979591836
19,3,4,0.1189,6.183673469387754
19,3,5,0.1188,8.244897959183673
19,3,6,0.0938,10.306122448979592
19,3,7,0.1409,12.367346938775508
19,3,8,0.1989,14.428571428571427
19,3,9,0.1937,16.489795918367346
19,3,10,0.2038,18.551020408163264
19,3,11,0.1892,20.612244897959183
19,3,12,0.2106,22.6734693877551
19,3,13,0.2466,24.734693877551017
19,3,14,0.15,26.795918367346935
19,3,15,0.1145,28.857142857142854
19,3,16,0.1498,30.918367346938773
19,3,17,0.2634,32.97959183673469
19,3,18,0.3586,35.04081632653061
19,3,19,0.3358,37.10204081632653
19,3,20,0.2421,39.16326530612245
19,3,21,0.1634,41.224489795918366
19,3,22,0.1497,43.285714285714285
19,3,23,0.1712,45.3469387755102
19,3,24,0.1431,47.40816326530612
19,3,25,0.2023,49.469387755102034
19,3,26,0.3434,51.53061224489795
19,3,27,0.9272,53.59183673469387
19,3,28,0.9581,55.65306122448979
19,3,29,0.6301,57.71428571428571
19,3,30,0.567,59.77551020408163
19,3,31,0.5774,61.836734693877546
19,3,32,0.3133,63.897959183673464
19,3,33,0.2116,65.95918367346938
19,3,34,0.2303,68.0204081632653
19,3,35,0.2001,70.08163265306122
19,3,36,0.1136,72.14285714285714
19,3,37,0.0615,74.20408163265306
19,3,38,0.0391,76.26530612244898
19,3,39,0.052,78.3265306122449
19,3,40,0.0038,80.38775510204081
19,3,41,0.0023,82.44897959183673
19,3,42,0.0,84.51020408163265
19,3,43,0.0,86.57142857142857
19,3,44,0.0,88.63265306122449
19,3,45,0.0,90.6938775510204
19,3,46,0.0,92.75510204081633
19,3,47,0.0,94.81632653061224
19,3,48,0.0,96.87755102040816
19,3,49,0.0,98.93877551020407
19,3,50,0.0,100.99999999999999
20,3,1,0.0173,0.0
20,3,2,0.0873,2.148936170212766
20,3,3,0.1509,4.297872340425532
20,3,4,0.1223,6.446808510638299
20,3,5,0.1011,8.595744680851064
20,3,6,0.0791,10.74468085106383
20,3,7,0.0857,12.893617021276597
20,3,8,0.0903,15.042553191489363
20,3,9,0.0939,17.19148936170213
20,3,10,0.0774,19.340425531914896
20,3,11,0.0558,21.48936170212766
20,3,12,0.0603,23.638297872340427
20,3,13,0.0628,25.787234042553195
20,3,14,0.0664,27.93617021276596
20,3,15,0.0725,30.085106382978726
20,3,16,0.0864,32.23404255319149
20,3,17,0.1051,34.38297872340426
20,3,18,0.2006,36.53191489361702
20,3,19,0.2989,38.68085106382979
20,3,20,0.2743,40.829787234042556
20,3,21,0.1988,42.97872340425532
20,3,22,0.097,45.12765957446809
20,3,23,0.1143,47.276595744680854
20,3,24,0.1696,49.42553191489362
20,3,25,0.2363,51.57446808510639
20,3,26,0.4793,53.72340425531915
20,3,27,0.5005,55.87234042553192
20,3,28,0.8186,58.02127659574468
20,3,29,0.839,60.17021276595745
20,3,30,0.4241,62.319148936170215
20,3,31,0.2577,64.46808510638299
20,3,32,0.1792,66.61702127659575
20,3,33,0.0812,68.76595744680851
20,3,34,0.0465,70.91489361702128
20,3,35,0.0242,73.06382978723404
20,3,36,0.009,75.2127659574468
20,3,37,0.0014,77.36170212765958
20,3,38,0.0,79.51063829787235
20,3,39,0.0071,81.65957446808511
20,3,40,0.0148,83.80851063829788
20,3,41,0.0061,85.95744680851064
20,3,42,0.0131,88.1063829787234
20,3,43,0.0283,90.25531914893618
20,3,44,0.0313,92.40425531914894
20,3,45,0.0128,94.55319148936171
20,3,46,0.0,96.70212765957447
20,3,47,0.0,98.85106382978724
20,3,48,0.0,101.0
21,3,1,0.0688,0.0
21,3,2,0.0662,2.1956521739130435
21,3,3,0.0769,4.391304347826087
21,3,4,0.08,6.586956521739131
21,3,5,0.0884,8.782608695652174
21,3,6,0.1127,10.978260869565217
21,3,7,0.0934,13.173913043478262
21,3,8,0.076,15.369565217391305
21,3,9,0.0664,17.565217391304348
21,3,10,0.069,19.76086956521739
21,3,11,0.0781,21.956521739130434
21,3,12,0.1225,24.152173913043477
21,3,13,0.1532,26.347826086956523
21,3,14,0.1035,28.543478260869566
21,3,15,0.091,30.73913043478261
21,3,16,0.0761,32.93478260869565
21,3,17,0.1205,35.130434782608695
21,3,18,0.1592,37.32608695652174
21,3,19,0.1586,39.52173913043478
21,3,20,0.1179,41.71739130434783
21,3,21,0.0519,43.91304347826087
21,3,22,0.0354,46.108695652173914
21,3,23,0.0617,48.30434782608695
21,3,24,0.1065,50.5
21,3,25,0.1593,52.69565217391305
21,3,26,0.2745,54.891304347826086
21,3,27,0.6124,57.08695652173913
21,3,28,0.5969,59.28260869565217
21,3,29,0.3088,61.47826086956522
21,3,30,0.2011,63.67391304347826
21,3,31,0.1802,65.8695652173913
21,3,32,0.1224,68.06521739130434
21,3,33,0.0287,70.26086956521739
21,3,34,0.0314,72.45652173913044
21,3,35,0.0762,74.65217391304348
21,3,36,0.041,76.84782608695652
21,3,37,0.01,79.04347826086956
21,3,38,0.0046,81.23913043478261
21,3,39,0.0085,83.43478260869566
21,3,40,0.0,85.63043478260869
21,3,41,0.0,87.82608695652173
21,3,42,0.0168,90.02173913043478
21,3,43,0.0,92.21739130434783
21,3,44,0.0,94.41304347826087
21,3,45,0.0,96.6086956521739
21,3,46,0.0,98.80434782608695
21,3,47,0.0,101.0
22,3,1,0.1703,0.0
22,3,2,0.2653,2.1041666666666665
22,3,3,0.1623,4.208333333333333
22,3,4,0.1173,6.3125
22,3,5,0.1007,8.416666666666666
22,3,6,0.1069,10.520833333333332
22,3,7,0.1378,12.625
22,3,8,0.1089,14.729166666666666
22,3,9,0.0711,16.833333333333332
22,3,10,0.0668,18.9375
22,3,11,0.0913,21.041666666666664
22,3,12,0.1054,23.145833333333332
22,3,13,0.1298,25.25
22,3,14,0.1597,27.354166666666664
22,3,15,0.1494,29.458333333333332
22,3,16,0.1661,31.562499999999996
22,3,17,0.3037,33.666666666666664
22,3,18,0.3447,35.77083333333333
22,3,19,0.2979,37.875
22,3,20,0.1919,39.979166666666664
22,3,21,0.1206,42.08333333333333
22,3,22,0.1193,44.1875
22,3,23,0.1713,46.291666666666664
22,3,24,0.1977,48.39583333333333
22,3,25,0.2363,50.5
22,3,26,0.3267,52.604166666666664
22,3,27,0.5337,54.70833333333333
22,3,28,1.0611,56.81249999999999
22,3,29,1.7624,58.916666666666664
22,3,30,1.5139,61.02083333333333
22,3,31,0.5751,63.12499999999999
22,3,32,0.3698,65.22916666666666
22,3,33,0.3335,67.33333333333333
22,3,34,0.1704,69.4375
22,3,35,0.1023,71.54166666666666
22,3,36,0.0675,73.64583333333333
22,3,37,0.0187,75.75
22,3,38,0.0,77.85416666666666
22,3,39,0.0,79.95833333333333
22,3,40,0.0,82.0625
22,3,41,0.0,84.16666666666666
22,3,42,0.0,86.27083333333333
22,3,43,0.0,88.375
22,3,44,0.0,90.47916666666666
22,3,45,0.0,92.58333333333333
22,3,46,0.0,94.6875
22,3,47,0.0,96.79166666666666
22,3,48,0.0,98.89583333333333
22,3,49,0.0,101.0
34,5,1,0.0105,0.0
34,5,2,0.0332,2.128205128205128
34,5,3,0.1063,4.256410256410256
34,5,4,0.2637,6.384615384615385
34,5,5,0.492,8.512820512820513
34,5,6,0.5741,10.64102564102564
34,5,7,0.5809,12.76923076923077
34,5,8,0.3824,14.897435897435898
34,5,9,0.24,17.025641025641026
34,5,10,0.1693,19.153846153846153
34,5,11,0.1536,21.28205128205128
34,5,12,0.1423,23.41025641025641
34,5,13,0.09,25.53846153846154
34,5,14,0.0396,27.666666666666668
34,5,15,0.0336,29.794871794871796
34,5,16,0.0536,31.923076923076923
34,5,17,0.1197,34.05128205128205
34,5,18,0.2305,36.17948717948718
34,5,19,0.2754,38.30769230769231
34,5,20,0.2443,40.43589743589744
34,5,21,0.111,42.56410256410256
34,5,22,0.0446,44.69230769230769
34,5,23,0.0426,46.82051282051282
34,5,24,0.0277,48.94871794871795
34,5,25,0.0312,51.07692307692308
34,5,26,0.0567,53.205128205128204
34,5,27,0.0536,55.333333333333336
34,5,28,0.0576,57.46153846153846
34,5,29,0.0303,59.58974358974359
34,5,30,0.0,61.717948717948715
34,5,31,0.0,63.84615384615385
34,5,32,0.0198,65.97435897435898
34,5,33,0.1133,68.1025641025641
34,5,34,0.218,70.23076923076923
34,5,35,0.2183,72.35897435897436
34,5,36,0.1352,74.48717948717949
34,5,37,0.0827,76.61538461538461
34,5,38,0.0909,78.74358974358974
34,5,39,0.0492,80.87179487179488
34,5,40,0.0056,83.0
35,5,1,0.0198,0.0
35,5,2,0.0259,2.6774193548387095
35,5,3,0.0497,5.354838709677419
35,5,4,0.1316,8.032258064516128
35,5,5,0.2267,10.709677419354838
35,5,6,0.2945,13.387096774193548
35,5,7,0.2621,16.064516129032256
35,5,8,0.1706,18.741935483870968
35,5,9,0.1362,21.419354838709676
35,5,10,0.0575,24.096774193548384
35,5,11,0.0245,26.774193548387096
35,5,12,0.0764,29.451612903225804
35,5,13,0.1028,32.12903225806451
35,5,14,0.036,34.806451612903224
35,5,15,0.0116,37.483870967741936
35,5,16,0.0298,40.16129032258064
35,5,17,0.0251,42.83870967741935
35,5,18,0.0225,45.516129032258064
35,5,19,0.065,48.19354838709677
35,5,20,0.0505,50.87096774193548
35,5,21,0.0495,53.54838709677419
35,5,22,0.0266,56.2258064516129
35,5,23,0.0237,58.90322580645161
35,5,24,0.0437,61.58064516129032
35,5,25,0.2014,64.25806451612902
35,5,26,0.3176,66.93548387096774
35,5,27,0.2647,69.61290322580645
35,5,28,0.1675,72.29032258064515
35,5,29,0.1356,74.96774193548387
35,5,30,0.0373,77.64516129032258
35,5,31,0.017,80.32258064516128
35,5,32,0.0021,83.0
36,5,1,0.0242,0.0
36,5,2,0.0462,2.6774193548387095
36,5,3,0.135,5.354838709677419
36,5,4,0.3122,8.032258064516128
36,5,5,0.4329,10.709677419354838
36,5,6,0.5619,13.387096774193548
36,5,7,0.4877,16.064516129032256
36,5,8,0.4187,18.741935483870968
36,5,9,0.3462,21.419354838709676
36,5,10,0.2535,24.096774193548384
36,5,11,0.2043,26.774193548387096
36,5,12,0.1781,29.451612903225804
36,5,13,0.0901,32.12903225806451
36,5,14,0.0783,34.806451612903224
36,5,15,0.1447,37.483870967741936
36,5,16,0.2522,40.16129032258064
36,5,17,0.1397,42.83870967741935
36,5,18,0.0566,45.516129032258064
36,5,19,0.0512,48.19354838709677
36,5,20,0.0492,50.87096774193548
36,5,21,0.0587,53.54838709677419
36,5,22,0.0564,56.2258064516129
36,5,23,0.0348,58.90322580645161
36,5,24,0.0291,61.58064516129032
36,5,25,0.0341,64.25806451612902
36,5,26,0.0903,66.93548387096774
36,5,27,0.1672,69.61290322580645
36,5,28,0.2456,72.29032258064515
36,5,29,0.2408,74.96774193548387
36,5,30,0.1376,77.64516129032258
36,5,31,0.0884,80.32258064516128
36,5,32,0.0429,83.0
37,5,1,0.0275,0.0
37,5,2,0.0425,2.59375
37,5,3,0.0576,5.1875
37,5,4,0.0972,7.78125
37,5,5,0.1425,10.375
37,5,6,0.1514,12.96875
37,5,7,0.1629,15.5625
37,5,8,0.1282,18.15625
37,5,9,0.0838,20.75
37,5,10,0.0499,23.34375
37,5,11,0.0303,25.9375
37,5,12,0.0139,28.53125
37,5,13,0.0466,31.125
37,5,14,0.1037,33.71875
37,5,15,0.0611,36.3125
37,5,16,0.0102,38.90625
37,5,17,0.0224,41.5
37,5,18,0.0313,44.09375
37,5,19,0.0192,46.6875
37,5,20,0.0152,49.28125
37,5,21,0.0148,51.875
37,5,22,0.0037,54.46875
37,5,23,0.0,57.0625
37,5,24,0.0,59.65625
37,5,25,0.0071,62.25
37,5,26,0.0052,64.84375
37,5,27,0.0253,67.4375
37,5,28,0.0763,70.03125
37,5,29,0.1474,72.625
37,5,30,0.1458,75.21875
37,5,31,0.1155,77.8125
37,5,32,0.09,80.40625
37,5,33,0.0284,83.0
38,5,1,0.1005,0.0
38,5,2,0.2293,2.6774193548387095
38,5,3,0.2982,5.354838709677419
38,5,4,0.2942,8.032258064516128
38,5,5,0.2635,10.709677419354838
38,5,6,0.1968,13.387096774193548
38,5,7,0.1645,16.064516129032256
38,5,8,0.1442,18.741935483870968
38,5,9,0.1065,21.419354838709676
38,5,10,0.0496,24.096774193548384
38,5,11,0.0262,26.774193548387096
38,5,12,0.1091,29.451612903225804
38,5,13,0.1914,32.12903225806451
38,5,14,0.1265,34.806451612903224
38,5,15,0.068,37.483870967741936
38,5,16,0.0353,40.16129032258064
38,5,17,0.0441,42.83870967741935
38,5,18,0.0336,45.516129032258064
38,5,19,0.03,48.19354838709677
38,5,20,0.0489,50.87096774193548
38,5,21,0.0464,53.54838709677419
38,5,22,0.0275,56.2258064516129
38,5,23,0.0,58.90322580645161
38,5,24,0.0,61.58064516129032
38,5,25,0.0214,64.25806451612902
38,5,26,0.112,66.93548387096774
38,5,27,0.2254,69.61290322580645
38,5,28,0.2103,72.29032258064515
38,5,29,0.1309,74.96774193548387
38,5,30,0.1423,77.64516129032258
38,5,31,0.0768,80.32258064516128
38,5,32,0.0353,83.0
47,4,1,0.0,0.0
47,4,2,0.004,1.9423076923076923
47,4,3,0.0358,3.8846153846153846
47,4,4,0.0815,5.826923076923077
47,4,5,0.1058,7.769230769230769
47,4,6,0.1507,9.711538461538462
47,4,7,0.1119,11.653846153846153
47,4,8,0.102,13.596153846153847
47,4,9,0.1145,15.538461538461538
47,4,10,0.1343,17.48076923076923
47,4,11,0.1407,19.423076923076923
47,4,12,0.1075,21.365384615384617
47,4,13,0.0734,23.307692307692307
47,4,14,0.0746,25.25
47,4,15,0.0805,27.192307692307693
47,4,16,0.0911,29.134615384615383
47,4,17,0.0821,31.076923076923077
47,4,18,0.0968,33.01923076923077
47,4,19,0.1054,34.96153846153846
47,4,20,0.1344,36.90384615384615
47,4,21,0.1835,38.84615384615385
47,4,22,0.116,40.78846153846154
47,4,23,0.0744,42.73076923076923
47,4,24,0.0621,44.67307692307692
47,4,25,0.0672,46.61538461538461
47,4,26,0.0698,48.55769230769231
47,4,27,0.1224,50.5
47,4,28,0.2299,52.44230769230769
47,4,29,0.2139,54.38461538461539
47,4,30,0.1856,56.32692307692307
47,4,31,0.1558,58.26923076923077
47,4,32,0.0643,60.21153846153846
47,4,33,0.0063,62.15384615384615
47,4,34,0.0055,64.09615384615384
47,4,35,0.0279,66.03846153846153
47,4,36,0.0368,67.98076923076923
47,4,37,0.0363,69.92307692307692
47,4,38,0.0392,71.86538461538461
47,4,39,0.0241,73.8076923076923
47,4,40,0.0277,75.75
47,4,41,0.0058,77.6923076923077
47,4,42,0.0289,79.63461538461539
47,4,43,0.0746,81.57692307692308
47,4,44,0.0995,83.51923076923077
47,4,45,0.065,85.46153846153847
47,4,46,0.0661,87.40384615384615
47,4,47,0.0634,89.34615384615384
47,4,48,0.0611,91.28846153846153
47,4,49,0.0572,93.23076923076923
47,4,50,0.0128,95.17307692307692
47,4,51,0.0,97.11538461538461
47,4,52,0.0,99.0576923076923
47,4,53,0.0,101.0
48,4,1,0.0978,0.0
48,4,2,0.1297,2.4634146341463414
48,4,3,0.183,4.926829268292683
48,4,4,0.0853,7.390243902439025
48,4,5,0.0692,9.853658536585366
48,4,6,0.0957,12.317073170731707
48,4,7,0.1223,14.78048780487805
48,4,8,0.1742,17.24390243902439
48,4,9,0.1437,19.70731707317073
48,4,10,0.093,22.170731707317074
48,4,11,0.1437,24.634146341463413
48,4,12,0.2274,27.097560975609756
48,4,13,0.1205,29.5609756097561
48,4,14,0.115,32.02439024390244
48,4,15,0.3185,34.48780487804878
48,4,16,0.4272,36.951219512195124
48,4,17,0.4143,39.41463414634146
48,4,18,0.2118,41.8780487804878
48,4,19,0.1885,44.34146341463415
48,4,20,0.184,46.80487804878049
48,4,21,0.3682,49.26829268292683
48,4,22,0.5807,51.73170731707317
48,4,23,0.6487,54.19512195121951
48,4,24,0.4726,56.65853658536585
48,4,25,0.4988,59.1219512195122
48,4,26,0.4428,61.58536585365854
48,4,27,0.2927,64.04878048780488
48,4,28,0.1145,66.51219512195122
48,4,29,0.0658,68.97560975609755
48,4,30,0.058,71.4390243902439
48,4,31,0.0731,73.90243902439025
48,4,32,0.0697,76.36585365853658
48,4,33,0.1245,78.82926829268293
48,4,34,0.1635,81.29268292682927
48,4,35,0.2227,83.7560975609756
48,4,36,0.2924,86.21951219512195
48,4,37,0.219,88.6829268292683
48,4,38,0.1161,91.14634146341463
48,4,39,0.0914,93.60975609756098
48,4,40,0.0791,96.07317073170732
48,4,41,0.0173,98.53658536585365
48,4,42,0.0,101.0
49,4,1,0.1314,0.0
49,4,2,0.1338,2.3488372093023258
49,4,3,0.1483,4.6976744186046515
49,4,4,0.165,7.046511627906977
49,4,5,0.1419,9.395348837209303
49,4,6,0.1465,11.74418604651163
49,4,7,0.1796,14.093023255813954
49,4,8,0.1478,16.44186046511628
49,4,9,0.1457,18.790697674418606
49,4,10,0.1703,21.13953488372093
49,4,11,0.2189,23.48837209302326
49,4,12,0.2006,25.837209302325583
49,4,13,0.1882,28.186046511627907
49,4,14,0.2106,30.534883720930235
49,4,15,0.2818,32.88372093023256
49,4,16,0.7158,35.23255813953489
49,4,17,0.3642,37.58139534883721
49,4,18,0.1039,39.93023255813954
49,4,19,0.1638,42.27906976744186
49,4,20,0.3192,44.62790697674419
49,4,21,0.4921,46.97674418604652
49,4,22,0.4278,49.32558139534884
49,4,23,0.3017,51.674418604651166
49,4,24,0.3565,54.02325581395349
49,4,25,0.4286,56.372093023255815
49,4,26,0.387,58.720930232558146
49,4,27,0.292,61.06976744186047
49,4,28,0.209,63.418604651162795
49,4,29,0.1323,65.76744186046513
49,4,30,0.0774,68.11627906976744
49,4,31,0.053,70.46511627906978
49,4,32,0.0594,72.81395348837209
49,4,33,0.1371,75.16279069767442
49,4,34,0.3634,77.51162790697676
49,4,35,0.4502,79.86046511627907
49,4,36,0.3232,82.2093023255814
49,4,37,0.2048,84.55813953488372
49,4,38,0.1101,86.90697674418605
49,4,39,0.1767,89.25581395348838
49,4,40,0.23,91.6046511627907
49,4,41,0.1451,93.95348837209303
49,4,42,0.0458,96.30232558139535
49,4,43,0.0,98.65116279069768
49,4,44,0.0,101.00000000000001
50,4,1,0.054,0.0
50,4,2,0.1552,2.2954545454545454
50,4,3,0.1713,4.590909090909091
50,4,4,0.1967,6.886363636363637
50,4,5,0.199,9.181818181818182
50,4,6,0.214,11.477272727272727
50,4,7,0.1945,13.772727272727273
50,4,8,0.1357,16.068181818181817
50,4,9,0.1866,18.363636363636363
50,4,10,0.1838,20.65909090909091
50,4,11,0.134,22.954545454545453
50,4,12,0.1623,25.25
50,4,13,0.1671,27.545454545454547
50,4,14,0.1782,29.84090909090909
50,4,15,0.1675,32.13636363636363
50,4,16,0.3228,34.43181818181818
50,4,17,0.5032,36.72727272727273
50,4,18,0.5664,39.02272727272727
50,4,19,0.3774,41.31818181818182
50,4,20,0.2094,43.61363636363636
50,4,21,0.2297,45.90909090909091
50,4,22,0.3407,48.20454545454545
50,4,23,0.4357,50.5
50,4,24,0.4949,52.79545454545455
50,4,25,0.6023,55.09090909090909
50,4,26,0.5492,57.38636363636363
50,4,27,0.4424,59.68181818181818
50,4,28,0.301,61.97727272727273
50,4,29,0.361,64.27272727272727
50,4,30,0.3794,66.56818181818181
50,4,31,0.2594,68.86363636363636
50,4,32,0.176,71.1590909090909
50,4,33,0.1265,73.45454545454545
50,4,34,0.0821,75.75
50,4,35,0.0617,78.04545454545455
50,4,36,0.073,80.3409090909091
50,4,37,0.0764,82.63636363636364
50,4,38,0.0479,84.93181818181819
50,4,39,0.0862,87.22727272727272
50,4,40,0.1172,89.52272727272727
50,4,41,0.2306,91.81818181818181
50,4,42,0.2726,94.11363636363636
50,4,43,0.3043,96.4090909090909
50,4,44,0.0346,98.70454545454545
50,4,45,0.0,101.0
51,6,1,0.1964,0.0
51,6,2,0.1708,2.0714285714285716
51,6,3,0.2472,4.142857142857143
51,6,4,0.4076,6.214285714285715
51,6,5,0.5044,8.285714285714286
51,6,6,0.3836,10.357142857142858
51,6,7,0.3362,12.42857142857143
51,6,8,0.3172,14.500000000000002
51,6,9,0.301,16.571428571428573
51,6,10,0.3745,18.642857142857146
51,6,11,1.1589,20.714285714285715
51,6,12,1.8937,22.78571428571429
51,6,13,1.652,24.85714285714286
51,6,14,1.2638,26.92857142857143
51,6,15,0.7967,29.000000000000004
51,6,16,0.5291,31.071428571428573
51,6,17,0.3707,33.142857142857146
51,6,18,0.4573,35.214285714285715
51,6,19,0.482,37.28571428571429
51,6,20,0.4302,39.35714285714286
51,6,21,0.3129,41.42857142857143
51,6,22,0.4226,43.50000000000001
51,6,23,0.6245,45.57142857142858
51,6,24,0.6977,47.642857142857146
51,6,25,0.5944,49.71428571428572
51,6,26,0.525,51.78571428571429
51,6,27,0.543,53.85714285714286
51,6,28,0.6418,55.92857142857143
51,6,29,0.6566,58.00000000000001
51,6,30,0.6922,60.07142857142858
51,6,31,0.6514,62.142857142857146
51,6,32,0.4774,64.21428571428572
51,6,33,0.3967,66.28571428571429
51,6,34,0.6305,68.35714285714286
51,6,35,0.8211,70.42857142857143
51,6,36,0.9412,72.5
51,6,37,1.2057,74.57142857142858
51,6,38,2.1419,76.64285714285715
51,6,39,3.5268,78.71428571428572
51,6,40,3.2239,80.78571428571429
51,6,41,2.117,82.85714285714286
51,6,42,1.394,84.92857142857143
51,6,43,0.515,87.00000000000001
51,6,44,0.1203,89.07142857142858
51,6,45,0.0613,91.14285714285715
51,6,46,0.1091,93.21428571428572
51,6,47,0.103,95.28571428571429
51,6,48,0.1072,97.35714285714286
51,6,49,0.0939,99.42857142857144
51,6,50,0.1385,101.50000000000001
51,6,51,0.091,103.57142857142858
51,6,52,0.0738,105.64285714285715
51,6,53,0.0476,107.71428571428572
51,6,54,0.0069,109.78571428571429
51,6,55,0.0053,111.85714285714286
51,6,56,0.0,113.92857142857144
51,6,57,0.0,116.00000000000001
51,6,58,0.0,118.07142857142858
51,6,59,0.0,120.14285714285715
51,6,60,0.0,122.21428571428572
51,6,61,0.0,124.28571428571429
51,6,62,0.0,126.35714285714288
51,6,63,0.0,128.42857142857144
51,6,64,0.0313,130.5
51,6,65,0.0353,132.57142857142858
51,6,66,0.0,134.64285714285717
51,6,67,0.0,136.71428571428572
51,6,68,0.0,138.7857142857143
51,6,69,0.0,140.85714285714286
51,6,70,0.0,142.92857142857144
51,6,71,0.0,145.0
52,6,1,0.5103,0.0
52,6,2,0.5673,2.0422535211267605
52,6,3,0.8355,4.084507042253521
52,6,4,0.6126,6.126760563380282
52,6,5,0.3273,8.169014084507042
52,6,6,0.2143,10.211267605633802
52,6,7,0.1823,12.253521126760564
52,6,8,0.2438,14.295774647887324
52,6,9,0.3224,16.338028169014084
52,6,10,0.5966,18.380281690140844
52,6,11,1.2077,20.422535211267604
52,6,12,2.2826,22.464788732394364
52,6,13,1.9715,24.507042253521128
52,6,14,1.2508,26.549295774647888
52,6,15,0.9794,28.591549295774648
52,6,16,0.5483,30.633802816901408
52,6,17,0.3077,32.67605633802817
52,6,18,0.3704,34.71830985915493
52,6,19,0.3924,36.76056338028169
52,6,20,0.3638,38.80281690140845
52,6,21,0.3276,40.84507042253521
52,6,22,0.5022,42.88732394366197
52,6,23,0.7492,44.92957746478873
52,6,24,0.7226,46.97183098591549
52,6,25,0.5138,49.014084507042256
52,6,26,0.3077,51.056338028169016
52,6,27,0.2736,53.098591549295776
52,6,28,0.249,55.140845070422536
52,6,29,0.3117,57.183098591549296
52,6,30,0.5735,59.225352112676056
52,6,31,0.878,61.267605633802816
52,6,32,1.4206,63.309859154929576
52,6,33,1.69,65.35211267605634
52,6,34,1.6689,67.3943661971831
52,6,35,0.8873,69.43661971830986
52,6,36,1.9144,71.47887323943662
52,6,37,3.3085,73.52112676056338
52,6,38,3.0981,75.56338028169014
52,6,39,2.1403,77.6056338028169
52,6,40,2.2022,79.64788732394366
52,6,41,2.3384,81.69014084507042
52,6,42,2.9346,83.73239436619718
52,6,43,2.3639,85.77464788732394
52,6,44,0.6058,87.8169014084507
52,6,45,0.1082,89.85915492957746
52,6,46,0.0414,91.90140845070422
52,6,47,0.014,93.94366197183098
52,6,48,0.0,95.98591549295774
52,6,49,0.015,98.02816901408451
52,6,50,0.0271,100.07042253521126
52,6,51,0.1135,102.11267605633803
52,6,52,0.1979,104.15492957746478
52,6,53,0.2409,106.19718309859155
52,6,54,0.1647,108.2394366197183
52,6,55,0.1188,110.28169014084507
52,6,56,0.0692,112.32394366197182
52,6,57,0.0,114.36619718309859
52,6,58,0.0,116.40845070422534
52,6,59,0.0,118.45070422535211
52,6,60,0.0,120.49295774647887
52,6,61,0.0,122.53521126760563
52,6,62,0.0377,124.57746478873239
52,6,63,0.0832,126.61971830985915
52,6,64,0.0087,128.66197183098592
52,6,65,0.0,130.70422535211267
52,6,66,0.0,132.74647887323943
52,6,67,0.0202,134.7887323943662
52,6,68,0.0578,136.83098591549296
52,6,69,0.0,138.8732394366197
52,6,70,0.0,140.91549295774647
52,6,71,0.0,142.95774647887325
52,6,72,0.0,145.0
53,6,1,0.4797,0.0
53,6,2,0.5237,2.196969696969697
53,6,3,0.5804,4.393939393939394
53,6,4,0.713,6.59090909090909
53,6,5,0.3599,8.787878787878787
53,6,6,0.2161,10.984848484848484
53,6,7,0.1735,13.18181818181818
53,6,8,0.1728,15.378787878787877
53,6,9,0.1793,17.575757575757574
53,6,10,0.3341,19.77272727272727
53,6,11,0.9817,21.96969696969697
53,6,12,2.1323,24.166666666666664
53,6,13,2.5456,26.36363636363636
53,6,14,2.0233,28.56060606060606
53,6,15,1.4089,30.757575757575754
53,6,16,0.8063,32.95454545454545
53,6,17,0.4191,35.15151515151515
53,6,18,0.2136,37.348484848484844
53,6,19,0.2576,39.54545454545454
53,6,20,0.3231,41.74242424242424
53,6,21,0.2903,43.93939393939394
53,6,22,0.2357,46.13636363636363
53,6,23,0.2016,48.33333333333333
53,6,24,0.4249,50.530303030303024
53,6,25,0.5166,52.72727272727272
53,6,26,0.4516,54.92424242424242
53,6,27,0.2279,57.12121212121212
53,6,28,0.2222,59.31818181818181
53,6,29,0.3961,61.51515151515151
53,6,30,0.4855,63.712121212121204
53,6,31,1.1618,65.9090909090909
53,6,32,1.6306,68.1060606060606
53,6,33,1.4481,70.3030303030303
53,6,34,1.2013,72.5
53,6,35,0.8014,74.69696969696969
53,6,36,1.4344,76.89393939393939
53,6,37,2.6314,79.09090909090908
53,6,38,3.262,81.28787878787878
53,6,39,3.0485,83.48484848484848
53,6,40,2.1673,85.68181818181817
53,6,41,2.023,87.87878787878788
53,6,42,2.8471,90.07575757575756
53,6,43,2.3942,92.27272727272727
53,6,44,0.5512,94.46969696969697
53,6,45,0.0757,96.66666666666666
53,6,46,0.0197,98.86363636363636
53,6,47,0.0,101.06060606060605
53,6,48,0.0,103.25757575757575
53,6,49,0.0781,105.45454545454544
53,6,50,0.1583,107.65151515151514
53,6,51,0.2136,109.84848484848484
53,6,52,0.1822,112.04545454545453
53,6,53,0.1139,114.24242424242424
53,6,54,0.0,116.43939393939392
53,6,55,0.0,118.63636363636363
53,6,56,0.0,120.83333333333333
53,6,57,0.0,123.03030303030302
53,6,58,0.0451,125.22727272727272
53,6,59,0.0662,127.42424242424241
53,6,60,0.0,129.62121212121212
53,6,61,0.0,131.8181818181818
53,6,62,0.2689,134.0151515151515
53,6,63,0.4124,136.2121212121212
53,6,64,0.4161,138.4090909090909
53,6,65,0.3933,140.6060606060606
53,6,66,0.3893,142.80303030303028
53,6,67,0.4067,145.0
54,6,1,0.6584,0.0
54,6,2,0.5903,2.3015873015873014
54,6,3,0.6794,4.603174603174603
54,6,4,0.5315,6.904761904761904
54,6,5,0.2059,9.206349206349206
54,6,6,0.1813,11.507936507936506
54,6,7,0.2677,13.809523809523808
54,6,8,0.2751,16.11111111111111
54,6,9,0.5926,18.41269841269841
54,6,10,1.6129,20.71428571428571
54,6,11,2.5716,23.015873015873012
54,6,12,1.3911,25.317460317460316
54,6,13,0.8929,27.619047619047617
54,6,14,0.6075,29.920634920634917
54,6,15,0.3048,32.22222222222222
54,6,16,0.2734,34.52380952380952
54,6,17,0.3693,36.82539682539682
54,6,18,0.3546,39.12698412698413
54,6,19,0.2674,41.42857142857142
54,6,20,0.2365,43.73015873015873
54,6,21,0.2042,46.031746031746025
54,6,22,0.2537,48.33333333333333
54,6,23,0.213,50.63492063492063
54,6,24,0.2603,52.93650793650793
54,6,25,0.2211,55.238095238095234
54,6,26,0.2741,57.53968253968254
54,6,27,0.4001,59.841269841269835
54,6,28,0.585,62.14285714285714
54,6,29,1.4225,64.44444444444444
54,6,30,1.4986,66.74603174603175
54,6,31,1.7248,69.04761904761904
54,6,32,0.9439,71.34920634920634
54,6,33,1.0321,73.65079365079364
54,6,34,1.6245,75.95238095238095
54,6,35,1.8346,78.25396825396825
54,6,36,2.9602,80.55555555555554
54,6,37,2.6532,82.85714285714285
54,6,38,2.0975,85.15873015873015
54,6,39,3.5722,87.46031746031746
54,6,40,4.0475,89.76190476190476
54,6,41,2.4379,92.06349206349205
54,6,42,0.6591,94.36507936507935
54,6,43,0.2468,96.66666666666666
54,6,44,0.0951,98.96825396825396
54,6,45,0.116,101.26984126984127
54,6,46,0.1917,103.57142857142857
54,6,47,0.3142,105.87301587301586
54,6,48,0.3674,108.17460317460316
54,6,49,0.3928,110.47619047619047
54,6,50,0.1218,112.77777777777777
54,6,51,0.0076,115.07936507936508
54,6,52,0.0175,117.38095238095237
54,6,53,0.0234,119.68253968253967
54,6,54,0.1202,121.98412698412697
54,6,55,0.1825,124.28571428571428
54,6,56,0.1522,126.58730158730158
54,6,57,0.0255,128.88888888888889
54,6,58,0.0264,131.19047619047618
54,6,59,0.0167,133.4920634920635
54,6,60,0.0,135.79365079365078
54,6,61,0.0,138.09523809523807
54,6,62,0.0,140.3968253968254
54,6,63,0.0,142.69841269841268
54,6,64,0.0,145.0
55,7,1,0.1423,0.0
55,7,2,0.1258,2.176470588235294
55,7,3,0.154,4.352941176470588
55,7,4,0.2318,6.529411764705882
55,7,5,0.2494,8.705882352941176
55,7,6,0.29,10.88235294117647
55,7,7,0.3453,13.058823529411764
55,7,8,0.2463,15.235294117647058
55,7,9,0.3292,17.41176470588235
55,7,10,0.2223,19.588235294117645
55,7,11,0.1603,21.76470588235294
55,7,12,0.2077,23.941176470588232
55,7,13,0.2032,26.11764705882353
55,7,14,0.1749,28.294117647058822
55,7,15,0.2828,30.470588235294116
55,7,16,0.3465,32.647058823529406
55,7,17,0.2792,34.8235294117647
55,7,18,0.1807,37.0
55,7,19,0.342,39.17647058823529
55,7,20,0.7424,41.35294117647059
55,7,21,0.6796,43.52941176470588
55,7,22,0.6098,45.705882352941174
55,7,23,0.4642,47.882352941176464
55,7,24,0.2471,50.05882352941176
55,7,25,0.2204,52.23529411764706
55,7,26,0.317,54.41176470588235
55,7,27,0.5125,56.588235294117645
55,7,28,0.5922,58.764705882352935
55,7,29,0.4008,60.94117647058823
55,7,30,0.4265,63.11764705882352
55,7,31,0.7043,65.29411764705881
55,7,32,0.5064,67.47058823529412
55,7,33,0.4974,69.6470588235294
55,7,34,0.9104,71.8235294117647
55,7,35,0.5481,74.0
55,7,36,0.3478,76.17647058823529
55,7,37,0.2655,78.35294117647058
55,7,38,0.2791,80.52941176470587
55,7,39,0.3362,82.70588235294117
55,7,40,0.3164,84.88235294117646
55,7,41,0.2196,87.05882352941175
55,7,42,0.1978,89.23529411764706
55,7,43,0.2289,91.41176470588235
55,7,44,0.3487,93.58823529411764
55,7,45,0.4148,95.76470588235293
55,7,46,0.6451,97.94117647058823
55,7,47,0.473,100.11764705882352
55,7,48,0.4028,102.29411764705881
55,7,49,0.2923,104.47058823529412
55,7,50,0.1933,106.6470588235294
55,7,51,0.1624,108.8235294117647
55,7,52,0.1375,110.99999999999999
56,7,1,0.0625,0.0
56,7,2,0.1118,2.2653061224489797
56,7,3,0.1283,4.530612244897959
56,7,4,0.1285,6.795918367346939
56,7,5,0.1889,9.061224489795919
56,7,6,0.2299,11.326530612244898
56,7,7,0.2261,13.591836734693878
56,7,8,0.2285,15.857142857142858
56,7,9,0.2534,18.122448979591837
56,7,10,0.2136,20.387755102040817
56,7,11,0.2034,22.653061224489797
56,7,12,0.2236,24.918367346938776
56,7,13,0.2005,27.183673469387756
56,7,14,0.2188,29.448979591836736
56,7,15,0.1897,31.714285714285715
56,7,16,0.3328,33.9795918367347
56,7,17,0.2512,36.244897959183675
56,7,18,0.3053,38.51020408163265
56,7,19,0.5491,40.775510204081634
56,7,20,0.7176,43.04081632653062
56,7,21,0.668,45.30612244897959
56,7,22,0.5295,47.57142857142857
56,7,23,0.485,49.83673469387755
56,7,24,0.3379,52.102040816326536
56,7,25,0.3931,54.36734693877551
56,7,26,0.5589,56.63265306122449
56,7,27,0.4944,58.89795918367347
56,7,28,0.3344,61.163265306122454
56,7,29,0.346,63.42857142857143
56,7,30,0.5623,65.6938775510204
56,7,31,0.7077,67.9591836734694
56,7,32,0.5025,70.22448979591837
56,7,33,0.5084,72.48979591836735
56,7,34,0.7885,74.75510204081633
56,7,35,0.9338,77.0204081632653
56,7,36,0.5051,79.28571428571429
56,7,37,0.7589,81.55102040816327
56,7,38,0.9097,83.81632653061224
56,7,39,0.8535,86.08163265306123
56,7,40,0.2649,88.34693877551021
56,7,41,0.2998,90.61224489795919
56,7,42,0.3619,92.87755102040816
56,7,43,0.4708,95.14285714285714
56,7,44,0.512,97.40816326530613
56,7,45,0.8056,99.6734693877551
56,7,46,0.6704,101.93877551020408
56,7,47,0.611,104.20408163265307
56,7,48,0.4992,106.46938775510205
56,7,49,0.417,108.73469387755102
56,7,50,0.2011,111.0
57,7,1,0.0632,0.0
57,7,2,0.1667,2.2653061224489797
57,7,3,0.1339,4.530612244897959
57,7,4,0.1412,6.795918367346939
57,7,5,0.1951,9.061224489795919
57,7,6,0.2541,11.326530612244898
57,7,7,0.2459,13.591836734693878
57,7,8,0.2265,15.857142857142858
57,7,9,0.2906,18.122448979591837
57,7,10,0.2228,20.387755102040817
57,7,11,0.2099,22.653061224489797
57,7,12,0.5281,24.918367346938776
57,7,13,0.3513,27.183673469387756
57,7,14,0.249,29.448979591836736
57,7,15,0.2408,31.714285714285715
57,7,16,0.3126,33.9795918367347
57,7,17,0.433,36.244897959183675
57,7,18,0.3625,38.51020408163265
57,7,19,0.2241,40.775510204081634
57,7,20,0.494,43.04081632653062
57,7,21,0.7877,45.30612244897959
57,7,22,0.7166,47.57142857142857
57,7,23,0.5851,49.83673469387755
57,7,24,0.4354,52.102040816326536
57,7,25,0.3334,54.36734693877551
57,7,26,0.4817,56.63265306122449
57,7,27,0.7832,58.89795918367347
57,7,28,0.8484,61.163265306122454
57,7,29,0.6881,63.42857142857143
57,7,30,0.5024,65.6938775510204
57,7,31,0.7149,67.9591836734694
57,7,32,0.8297,70.22448979591837
57,7,33,0.5344,72.48979591836735
57,7,34,0.5249,74.75510204081633
57,7,35,0.8885,77.0204081632653
57,7,36,0.7722,79.28571428571429
57,7,37,0.5156,81.55102040816327
57,7,38,0.7899,83.81632653061224
57,7,39,0.9712,86.08163265306123
57,7,40,0.6029,88.34693877551021
57,7,41,0.3534,90.61224489795919
57,7,42,0.4057,92.87755102040816
57,7,43,0.4309,95.14285714285714
57,7,44,0.5187,97.40816326530613
57,7,45,0.5743,99.6734693877551
57,7,46,0.7956,101.93877551020408
57,7,47,0.6008,104.20408163265307
57,7,48,0.5552,106.46938775510205
57,7,49,0.3009,108.73469387755102
57,7,50,0.288,111.0
58,7,1,0.0765,0.0
58,7,2,0.146,2.3125
58,7,3,0.1499,4.625
58,7,4,0.1651,6.9375
58,7,5,0.2409,9.25
58,7,6,0.2646,11.5625
58,7,7,0.2641,13.875
58,7,8,0.2445,16.1875
58,7,9,0.3288,18.5
58,7,10,0.3081,20.8125
58,7,11,0.209,23.125
58,7,12,0.1729,25.4375
58,7,13,0.3405,27.75
58,7,14,0.408,30.0625
58,7,15,0.3282,32.375
58,7,16,0.2189,34.6875
58,7,17,0.1737,37.0
58,7,18,0.2275,39.3125
58,7,19,0.3399,41.625
58,7,20,0.2669,43.9375
58,7,21,0.3513,46.25
58,7,22,0.6644,48.5625
58,7,23,0.5071,50.875
58,7,24,0.2938,53.1875
58,7,25,0.2073,55.5
58,7,26,0.2806,57.8125
58,7,27,0.5008,60.125
58,7,28,0.5168,62.4375
58,7,29,0.5053,64.75
58,7,30,0.5218,67.0625
58,7,31,0.7129,69.375
58,7,32,0.8874,71.6875
58,7,33,0.7131,74.0
58,7,34,0.59,76.3125
58,7,35,0.8112,78.625
58,7,36,0.9391,80.9375
58,7,37,0.5033,83.25
58,7,38,0.5288,85.5625
58,7,39,0.795,87.875
58,7,40,0.5849,90.1875
58,7,41,0.4492,92.5
58,7,42,0.4152,94.8125
58,7,43,0.4715,97.125
58,7,44,0.4978,99.4375
58,7,45,0.5122,101.75
58,7,46,0.4604,104.0625
58,7,47,0.3703,106.375
58,7,48,0.28,108.6875
58,7,49,0.2105,111.0
59,7,1,0.0654,0.0
59,7,2,0.0966,2.522727272727273
59,7,3,0.1282,5.045454545454546
59,7,4,0.0856,7.568181818181818
59,7,5,0.1119,10.090909090909092
59,7,6,0.1975,12.613636363636365
59,7,7,0.1999,15.136363636363637
59,7,8,0.1389,17.65909090909091
59,7,9,0.1793,20.181818181818183
59,7,10,0.2335,22.704545454545457
59,7,11,0.1569,25.22727272727273
59,7,12,0.071,27.750000000000004
59,7,13,0.186,30.272727272727273
59,7,14,0.345,32.79545454545455
59,7,15,0.2412,35.31818181818182
59,7,16,0.1995,37.84090909090909
59,7,17,0.258,40.36363636363637
59,7,18,0.3462,42.88636363636364
59,7,19,0.3684,45.409090909090914
59,7,20,0.246,47.93181818181819
59,7,21,0.3874,50.45454545454546
59,7,22,0.5718,52.977272727272734
59,7,23,0.4762,55.50000000000001
59,7,24,0.3691,58.02272727272728
59,7,25,0.2629,60.54545454545455
59,7,26,0.3891,63.06818181818182
59,7,27,0.6574,65.5909090909091
59,7,28,0.4949,68.11363636363637
59,7,29,0.44,70.63636363636364
59,7,30,0.3987,73.15909090909092
59,7,31,0.5266,75.68181818181819
59,7,32,0.8832,78.20454545454547
59,7,33,1.3966,80.72727272727273
59,7,34,0.596,83.25
59,7,35,0.5724,85.77272727272728
59,7,36,0.6982,88.29545454545455
59,7,37,0.668,90.81818181818183
59,7,38,0.3197,93.3409090909091
59,7,39,0.3048,95.86363636363637
59,7,40,0.4619,98.38636363636364
59,7,41,0.5152,100.90909090909092
59,7,42,0.4096,103.43181818181819
59,7,43,0.4187,105.95454545454547
59,7,44,0.2825,108.47727272727273
59,7,45,0.2535,111.00000000000001
60,8,1,0.1531,0.0
60,8,2,0.3253,2.06
60,8,3,0.3063,4.12
60,8,4,0.21,6.18
60,8,5,0.093,8.24
60,8,6,0.0417,10.3
60,8,7,0.0087,12.36
60,8,8,0.0126,14.42
60,8,9,0.0302,16.48
60,8,10,0.0529,18.54
60,8,11,0.0702,20.6
60,8,12,0.0889,22.66
60,8,13,0.1465,24.72
60,8,14,0.1884,26.78
60,8,15,0.2122,28.84
60,8,16,0.2186,30.900000000000002
60,8,17,0.2279,32.96
60,8,18,0.2458,35.02
60,8,19,0.2047,37.08
60,8,20,0.1314,39.14
60,8,21,0.11,41.2
60,8,22,0.1497,43.26
60,8,23,0.159,45.32
60,8,24,0.1189,47.38
60,8,25,0.1069,49.44
60,8,26,0.0883,51.5
60,8,27,0.0708,53.56
60,8,28,0.0873,55.620000000000005
60,8,29,0.1004,57.68
60,8,30,0.0931,59.74
60,8,31,0.0512,61.800000000000004
60,8,32,0.0,63.86
60,8,33,0.0126,65.92
60,8,34,0.0319,67.98
60,8,35,0.0312,70.04
60,8,36,0.0006,72.10000000000001
60,8,37,0.0,74.16
60,8,38,0.0,76.22
60,8,39,0.0,78.28
60,8,40,0.0,80.34
60,8,41,0.0,82.4
60,8,42,0.0,84.46000000000001
60,8,43,0.0,86.52
60,8,44,0.0,88.58
60,8,45,0.0,90.64
60,8,46,0.0,92.7
60,8,47,0.0,94.76
60,8,48,0.0,96.82000000000001
60,8,49,0.0,98.88
60,8,50,0.0,100.94
60,8,51,0.0,103.0
61,8,1,0.0613,0.0
61,8,2,0.1602,2.1458333333333335
61,8,3,0.2794,4.291666666666667
61,8,4,0.3616,6.4375
61,8,5,0.274,8.583333333333334
61,8,6,0.224,10.729166666666668
61,8,7,0.1269,12.875
61,8,8,0.0724,15.020833333333334
61,8,9,0.0598,17.166666666666668
61,8,10,0.1381,19.3125
61,8,11,0.1394,21.458333333333336
61,8,12,0.1512,23.604166666666668
61,8,13,0.1726,25.75
61,8,14,0.3614,27.895833333333336
61,8,15,0.3898,30.041666666666668
61,8,16,0.3927,32.1875
61,8,17,0.3058,34.333333333333336
61,8,18,0.2955,36.47916666666667
61,8,19,0.25,38.625
61,8,20,0.189,40.770833333333336
61,8,21,0.1371,42.91666666666667
61,8,22,0.1252,45.0625
61,8,23,0.2361,47.208333333333336
61,8,24,0.4086,49.35416666666667
61,8,25,0.4538,51.5
61,8,26,0.4194,53.645833333333336
61,8,27,0.3095,55.79166666666667
61,8,28,0.2463,57.93750000000001
61,8,29,0.1629,60.083333333333336
61,8,30,0.0773,62.22916666666667
61,8,31,0.0417,64.375
61,8,32,0.0219,66.52083333333334
61,8,33,0.0233,68.66666666666667
61,8,34,0.0627,70.8125
61,8,35,0.0832,72.95833333333334
61,8,36,0.0466,75.10416666666667
61,8,37,0.0,77.25
61,8,38,0.0,79.39583333333334
61,8,39,0.0029,81.54166666666667
61,8,40,0.0,83.6875
61,8,41,0.0,85.83333333333334
61,8,42,0.0,87.97916666666667
61,8,43,0.0,90.125
61,8,44,0.0021,92.27083333333334
61,8,45,0.007,94.41666666666667
61,8,46,0.0,96.5625
61,8,47,0.0,98.70833333333334
61,8,48,0.0016,100.85416666666667
61,8,49,0.0027,103.0
62,8,1,0.2605,0.0
62,8,2,0.3444,2.340909090909091
62,8,3,0.2114,4.681818181818182
62,8,4,0.0919,7.0227272727272725
62,8,5,0.0297,9.363636363636363
62,8,6,0.0,11.704545454545453
62,8,7,0.0,14.045454545454545
62,8,8,0.0237,16.386363636363637
62,8,9,0.071,18.727272727272727
62,8,10,0.1067,21.068181818181817
62,8,11,0.1734,23.409090909090907
62,8,12,0.4706,25.75
62,8,13,0.6412,28.09090909090909
62,8,14,0.5076,30.43181818181818
62,8,15,0.3416,32.77272727272727
62,8,16,0.3335,35.11363636363636
62,8,17,0.2149,37.45454545454545
62,8,18,0.1608,39.79545454545455
62,8,19,0.1205,42.13636363636363
62,8,20,0.1487,44.47727272727273
62,8,21,0.2463,46.81818181818181
62,8,22,0.3207,49.15909090909091
62,8,23,0.3755,51.5
62,8,24,0.2867,53.840909090909086
62,8,25,0.2563,56.18181818181818
62,8,26,0.2738,58.52272727272727
62,8,27,0.0837,60.86363636363636
62,8,28,0.0,63.20454545454545
62,8,29,0.0,65.54545454545455
62,8,30,0.0,67.88636363636364
62,8,31,0.0057,70.22727272727272
62,8,32,0.0,72.56818181818181
62,8,33,0.0,74.9090909090909
62,8,34,0.0,77.25
62,8,35,0.0,79.5909090909091
62,8,36,0.0,81.93181818181817
62,8,37,0.0,84.27272727272727
62,8,38,0.0,86.61363636363636
62,8,39,0.0,88.95454545454545
62,8,40,0.0,91.29545454545455
62,8,41,0.0,93.63636363636363
62,8,42,0.0,95.97727272727272
62,8,43,0.0,98.31818181818181
62,8,44,0.0,100.6590909090909
62,8,45,0.0,103.0
63,8,1,0.2002,0.0
63,8,2,0.2879,2.4523809523809526
63,8,3,0.234,4.904761904761905
63,8,4,0.108,7.357142857142858
63,8,5,0.0398,9.80952380952381
63,8,6,0.0103,12.261904761904763
63,8,7,0.0,14.714285714285715
63,8,8,0.062,17.166666666666668
63,8,9,0.1496,19.61904761904762
63,8,10,0.2298,22.071428571428573
63,8,11,0.4858,24.523809523809526
63,8,12,0.5942,26.976190476190478
63,8,13,0.4575,29.42857142857143
63,8,14,0.3231,31.880952380952383
63,8,15,0.3213,34.333333333333336
63,8,16,0.2165,36.78571428571429
63,8,17,0.138,39.23809523809524
63,8,18,0.2888,41.69047619047619
63,8,19,0.3987,44.142857142857146
63,8,20,0.4635,46.5952380952381
63,8,21,0.419,49.04761904761905
63,8,22,0.3293,51.5
63,8,23,0.4575,53.952380952380956
63,8,24,0.2913,56.40476190476191
63,8,25,0.085,58.85714285714286
63,8,26,0.0377,61.30952380952381
63,8,27,0.0277,63.761904761904766
63,8,28,0.052,66.21428571428572
63,8,29,0.0883,68.66666666666667
63,8,30,0.0407,71.11904761904762
63,8,31,0.0,73.57142857142858
63,8,32,0.0,76.02380952380953
63,8,33,0.0,78.47619047619048
63,8,34,0.0,80.92857142857143
63,8,35,0.0,83.38095238095238
63,8,36,0.0,85.83333333333334
63,8,37,0.0049,88.28571428571429
63,8,38,0.0,90.73809523809524
63,8,39,0.0,93.1904761904762
63,8,40,0.0,95.64285714285715
63,8,41,0.0,98.0952380952381
63,8,42,0.0,100.54761904761905
63,8,43,0.0,103.0
64,8,1,0.1282,0.0
64,8,2,0.2555,2.1914893617021276
64,8,3,0.3628,4.382978723404255
64,8,4,0.2229,6.574468085106383
64,8,5,0.0894,8.76595744680851
64,8,6,0.0475,10.957446808510639
64,8,7,0.0309,13.148936170212766
64,8,8,0.0804,15.340425531914892
64,8,9,0.149,17.53191489361702
64,8,10,0.1466,19.72340425531915
64,8,11,0.1695,21.914893617021278
64,8,12,0.3376,24.106382978723403
64,8,13,0.4744,26.29787234042553
64,8,14,0.3989,28.48936170212766
64,8,15,0.3362,30.680851063829785
64,8,16,0.3418,32.87234042553192
64,8,17,0.2562,35.06382978723404
64,8,18,0.2203,37.25531914893617
64,8,19,0.2864,39.4468085106383
64,8,20,0.5923,41.638297872340424
64,8,21,0.6791,43.829787234042556
64,8,22,0.7786,46.02127659574468
64,8,23,0.4958,48.212765957446805
64,8,24,0.5547,50.40425531914894
64,8,25,0.6359,52.59574468085106
64,8,26,0.3603,54.78723404255319
64,8,27,0.1545,56.97872340425532
64,8,28,0.0934,59.170212765957444
64,8,29,0.0885,61.36170212765957
64,8,30,0.1641,63.5531914893617
64,8,31,0.1583,65.74468085106383
64,8,32,0.2063,67.93617021276596
64,8,33,0.171,70.12765957446808
64,8,34,0.0937,72.31914893617021
64,8,35,0.0967,74.51063829787233
64,8,36,0.0841,76.70212765957447
64,8,37,0.0527,78.8936170212766
64,8,38,0.0144,81.08510638297872
64,8,39,0.012,83.27659574468085
64,8,40,0.0311,85.46808510638297
64,8,41,0.07,87.65957446808511
64,8,42,0.0588,89.85106382978724
64,8,43,0.0292,92.04255319148936
64,8,44,0.0174,94.23404255319149
64,8,45,0.0091,96.42553191489361
64,8,46,0.0442,98.61702127659574
64,8,47,0.0391,100.80851063829788
64,8,48,0.0252,103.0
