,mean,sd,hdi_3%,hdi_97%,mcse_mean,mcse_sd,ess_bulk,ess_tail,r_hat
a_mag_t[0],-0.38,0.398,-1.13,0.355,0.01,0.009,1590.0,1398.0,1.0
a_mag_t[1],-0.377,0.382,-1.065,0.374,0.009,0.01,1662.0,1396.0,1.0
a_mag_t[2],-0.182,0.481,-1.126,0.683,0.011,0.012,1810.0,1337.0,1.0
a_mag_t[3],0.114,0.417,-0.68,0.896,0.009,0.01,2006.0,1585.0,1.0
a_mag_t[4],0.202,0.462,-0.719,1.065,0.01,0.011,2154.0,1320.0,1.0
a_mag_t[5],-0.18,0.435,-0.966,0.697,0.01,0.01,1825.0,1390.0,1.0
a_mag_t[6],0.01,0.548,-1.138,0.938,0.014,0.012,1448.0,1489.0,1.0
a_mag_t[7],0.077,0.359,-0.584,0.771,0.008,0.008,1850.0,1533.0,1.0
log_b_mag_mu,0.332,0.206,-0.03,0.722,0.007,0.004,804.0,1309.0,1.01
eps_log_b_mag_t[0],-0.233,0.898,-1.981,1.377,0.014,0.02,4166.0,1535.0,1.0
eps_log_b_mag_t[1],0.085,0.958,-1.83,1.729,0.015,0.025,4275.0,1331.0,1.0
eps_log_b_mag_t[2],0.126,0.952,-1.641,1.847,0.015,0.026,3947.0,1488.0,1.0
eps_log_b_mag_t[3],0.277,0.931,-1.638,1.94,0.016,0.022,3352.0,1605.0,1.0
eps_log_b_mag_t[4],-0.163,0.982,-2.03,1.614,0.014,0.022,4754.0,1442.0,1.0
eps_log_b_mag_t[5],0.002,0.933,-1.719,1.687,0.014,0.023,4637.0,1244.0,1.0
eps_log_b_mag_t[6],0.08,0.949,-1.714,1.791,0.016,0.027,3725.0,1344.0,1.01
eps_log_b_mag_t[7],-0.099,0.964,-1.92,1.763,0.015,0.032,4120.0,1307.0,1.02
a_t[0],2.016,0.467,1.11,2.854,0.011,0.009,1740.0,1748.0,1.0
a_t[1],1.181,0.464,0.28,2.027,0.011,0.01,1803.0,1529.0,1.0
a_t[2],1.902,0.494,0.935,2.779,0.012,0.012,1869.0,1440.0,1.0
a_t[3],1.787,0.423,1.037,2.65,0.009,0.01,2096.0,1296.0,1.0
a_t[4],1.12,0.597,-0.096,2.177,0.014,0.014,1934.0,1374.0,1.0
a_t[5],0.997,0.494,0.048,1.881,0.012,0.01,1822.0,1480.0,1.0
a_t[6],1.822,0.548,0.826,2.88,0.014,0.011,1571.0,1639.0,1.0
a_t[7],0.296,0.478,-0.555,1.249,0.01,0.008,2247.0,1685.0,1.0
log_b_mu,0.16,0.211,-0.238,0.56,0.006,0.004,1223.0,1685.0,1.0
eps_log_b_t[0],0.31,0.967,-1.472,2.049,0.014,0.022,4873.0,1326.0,1.0
eps_log_b_t[1],-0.025,0.944,-1.717,1.821,0.013,0.028,5331.0,1175.0,1.01
eps_log_b_t[2],-0.114,0.931,-1.831,1.689,0.013,0.026,5312.0,1327.0,1.0
eps_log_b_t[3],-0.21,0.922,-1.862,1.558,0.013,0.026,4850.0,1380.0,1.0
eps_log_b_t[4],0.269,0.972,-1.619,2.092,0.015,0.03,4152.0,1265.0,1.0
eps_log_b_t[5],0.02,0.918,-1.787,1.722,0.013,0.023,5341.0,1485.0,1.0
eps_log_b_t[6],-0.037,0.965,-1.801,1.786,0.015,0.027,4212.0,1399.0,1.0
eps_log_b_t[7],0.056,0.931,-1.624,1.794,0.014,0.024,4356.0,1398.0,1.0
I_0_hsgp_coeffs[0],0.212,0.949,-1.597,1.945,0.018,0.02,2752.0,1594.0,1.0
I_0_hsgp_coeffs[1],-0.634,0.989,-2.494,1.161,0.015,0.027,4166.0,1167.0,1.01
I_0_hsgp_coeffs[2],-0.373,0.971,-2.119,1.492,0.016,0.023,3731.0,1356.0,1.0
I_0_hsgp_coeffs[3],0.941,0.852,-0.73,2.389,0.014,0.03,3996.0,1196.0,1.0
I_0_hsgp_coeffs[4],0.544,0.936,-1.171,2.355,0.014,0.023,4500.0,1356.0,1.0
I_0_hsgp_coeffs[5],-0.81,0.83,-2.422,0.724,0.013,0.021,4275.0,1328.0,1.0
I_0_hsgp_coeffs[6],-0.573,0.842,-2.244,0.9,0.015,0.022,3090.0,1361.0,1.0
I_0_hsgp_coeffs[7],0.301,0.877,-1.345,1.915,0.011,0.023,5761.0,1369.0,1.01
I_0_hsgp_coeffs[8],0.39,0.821,-1.036,2.015,0.013,0.021,3819.0,1354.0,1.0
I_0_hsgp_coeffs[9],0.299,0.872,-1.333,1.949,0.013,0.024,4468.0,1306.0,1.0
I_0_hsgp_coeffs[10],-0.055,0.841,-1.616,1.531,0.013,0.02,4348.0,1519.0,1.0
I_0_hsgp_coeffs[11],-0.757,0.845,-2.225,0.942,0.013,0.021,4168.0,1539.0,1.0
I_0_hsgp_coeffs[12],-0.169,0.854,-1.804,1.371,0.014,0.02,3780.0,1383.0,1.0
I_0_hsgp_coeffs[13],0.934,0.86,-0.547,2.602,0.015,0.023,3319.0,1311.0,1.0
I_0_hsgp_coeffs[14],0.217,0.844,-1.169,1.898,0.012,0.021,4722.0,1240.0,1.0
I_0_hsgp_coeffs[15],-0.817,0.914,-2.575,0.888,0.016,0.023,3253.0,1423.0,1.0
I_0_hsgp_coeffs[16],-0.089,0.873,-1.537,1.729,0.011,0.02,6269.0,1668.0,1.0
I_0_hsgp_coeffs[17],0.472,0.864,-1.049,2.288,0.014,0.024,3790.0,1304.0,1.0
I_0_hsgp_coeffs[18],-0.087,0.9,-1.728,1.537,0.013,0.023,4476.0,1232.0,1.0
I_0_hsgp_coeffs[19],-0.036,0.841,-1.55,1.559,0.013,0.02,4466.0,1583.0,1.0
I_0_hsgp_coeffs[20],0.18,0.877,-1.442,1.813,0.014,0.024,4095.0,1305.0,1.0
I_0_hsgp_coeffs[21],-0.319,0.833,-1.695,1.365,0.012,0.029,4895.0,1412.0,1.01
I_0_hsgp_coeffs[22],-0.045,0.834,-1.66,1.379,0.013,0.021,4159.0,1432.0,1.0
I_0_hsgp_coeffs[23],0.628,0.9,-1.097,2.282,0.018,0.025,2522.0,1297.0,1.0
I_0_hsgp_coeffs[24],-0.199,0.828,-1.641,1.409,0.013,0.02,4080.0,1436.0,1.0
I_0_hsgp_coeffs[25],-0.777,0.887,-2.461,0.815,0.017,0.023,2835.0,1273.0,1.0
I_0_hsgp_coeffs[26],0.43,0.838,-1.181,1.938,0.014,0.022,3711.0,1343.0,1.01
I_0_hsgp_coeffs[27],0.82,0.851,-0.77,2.409,0.013,0.025,4023.0,1585.0,1.0
I_0_hsgp_coeffs[28],-0.47,0.84,-2.061,1.077,0.013,0.022,3945.0,1401.0,1.0
I_0_hsgp_coeffs[29],-0.663,0.877,-2.386,0.852,0.014,0.02,4085.0,1479.0,1.0
I_0_hsgp_coeffs[30],0.388,0.816,-1.096,1.89,0.014,0.019,3337.0,1460.0,1.0
I_0_hsgp_coeffs[31],0.337,0.842,-1.169,1.95,0.012,0.021,4883.0,1450.0,1.0
I_0_hsgp_coeffs[32],-0.291,0.898,-1.956,1.375,0.016,0.019,3153.0,1637.0,1.0
I_0_hsgp_coeffs[33],-0.024,0.837,-1.5,1.603,0.014,0.022,3581.0,1334.0,1.0
I_0_hsgp_coeffs[34],0.307,0.896,-1.311,2.079,0.018,0.022,2402.0,1259.0,1.0
I_0_hsgp_coeffs[35],-0.224,0.824,-1.795,1.218,0.015,0.019,3134.0,1492.0,1.0
I_0_hsgp_coeffs[36],-0.463,0.84,-2.091,1.021,0.014,0.022,3675.0,1426.0,1.0
I_0_hsgp_coeffs[37],0.228,0.804,-1.32,1.693,0.013,0.021,4129.0,1225.0,1.0
I_0_hsgp_coeffs[38],0.545,0.845,-1.1,2.037,0.013,0.025,4054.0,1099.0,1.0
I_0_hsgp_coeffs[39],-0.017,0.867,-1.617,1.561,0.014,0.021,4055.0,1522.0,1.0
I_0_hsgp_coeffs[40],-0.401,0.859,-2.032,1.223,0.015,0.03,3527.0,911.0,1.0
I_0_hsgp_coeffs[41],-0.283,0.831,-1.727,1.396,0.013,0.022,3913.0,1494.0,1.0
I_0_hsgp_coeffs[42],-0.023,0.81,-1.521,1.463,0.012,0.02,4343.0,1525.0,1.0
I_0_hsgp_coeffs[43],0.457,0.853,-1.069,2.105,0.013,0.021,4069.0,1526.0,1.0
I_0_hsgp_coeffs[44],0.407,0.866,-1.183,2.007,0.016,0.024,3022.0,1402.0,1.0
I_0_hsgp_coeffs[45],-0.27,0.825,-1.878,1.179,0.013,0.022,3853.0,1520.0,1.0
I_0_hsgp_coeffs[46],-0.087,0.874,-1.571,1.688,0.021,0.018,1694.0,1574.0,1.0
I_0_hsgp_coeffs[47],-0.307,0.853,-2.009,1.157,0.013,0.023,4532.0,1369.0,1.0
I_0_hsgp_coeffs[48],-1.609,0.614,-2.708,-0.388,0.01,0.014,3718.0,1606.0,1.0
I_0_hsgp_coeffs[49],1.011,0.697,-0.207,2.35,0.013,0.02,3063.0,1297.0,1.0
I_1_hsgp_coeffs[0],-0.002,0.923,-1.59,1.811,0.017,0.017,2906.0,1720.0,1.0
I_1_hsgp_coeffs[1],0.507,0.963,-1.264,2.354,0.014,0.038,4668.0,1148.0,1.0
I_1_hsgp_coeffs[2],-0.249,0.942,-2.072,1.503,0.017,0.026,3084.0,1393.0,1.0
I_1_hsgp_coeffs[3],-0.862,0.865,-2.483,0.708,0.014,0.02,3677.0,1452.0,1.0
I_1_hsgp_coeffs[4],0.534,0.941,-1.197,2.321,0.014,0.028,4684.0,1458.0,1.0
I_1_hsgp_coeffs[5],0.942,0.86,-0.755,2.474,0.016,0.021,2923.0,1654.0,1.0
I_1_hsgp_coeffs[6],-0.695,0.844,-2.277,0.929,0.014,0.022,3644.0,1247.0,1.0
I_1_hsgp_coeffs[7],-0.75,0.933,-2.458,0.97,0.016,0.026,3456.0,1306.0,1.0
I_1_hsgp_coeffs[8],0.644,0.873,-0.996,2.269,0.013,0.023,4610.0,1398.0,1.0
I_1_hsgp_coeffs[9],0.519,0.883,-1.031,2.325,0.014,0.025,4153.0,1285.0,1.0
I_1_hsgp_coeffs[10],-0.347,0.862,-1.847,1.341,0.014,0.02,3567.0,1363.0,1.0
I_1_hsgp_coeffs[11],-0.189,0.828,-1.693,1.4,0.013,0.023,4107.0,1401.0,1.0
I_1_hsgp_coeffs[12],0.032,0.929,-1.606,1.839,0.014,0.026,4720.0,1414.0,1.0
I_1_hsgp_coeffs[13],0.104,0.847,-1.509,1.639,0.012,0.02,5147.0,1556.0,1.0
I_1_hsgp_coeffs[14],0.24,0.868,-1.375,1.886,0.015,0.025,3536.0,1199.0,1.0
I_1_hsgp_coeffs[15],-0.163,0.86,-1.702,1.499,0.014,0.022,3855.0,1488.0,1.0
I_1_hsgp_coeffs[16],-0.28,0.884,-1.875,1.304,0.014,0.022,4040.0,1306.0,1.0
I_1_hsgp_coeffs[17],0.357,0.864,-1.231,2.048,0.012,0.025,4855.0,1278.0,1.0
I_1_hsgp_coeffs[18],0.13,0.866,-1.408,1.854,0.014,0.024,4091.0,1197.0,1.0
I_1_hsgp_coeffs[19],-0.538,0.891,-2.289,1.033,0.013,0.02,4748.0,1272.0,1.0
I_1_hsgp_coeffs[20],0.103,0.901,-1.552,1.812,0.013,0.024,5054.0,1399.0,1.0
I_1_hsgp_coeffs[21],0.657,0.864,-0.851,2.376,0.012,0.024,4881.0,1259.0,1.0
I_1_hsgp_coeffs[22],-0.232,0.873,-1.847,1.449,0.014,0.025,4039.0,1387.0,1.0
I_1_hsgp_coeffs[23],-0.609,0.892,-2.373,1.025,0.014,0.023,3901.0,1527.0,1.0
I_1_hsgp_coeffs[24],0.189,0.858,-1.334,1.864,0.014,0.025,3898.0,1380.0,1.0
I_1_hsgp_coeffs[25],0.389,0.864,-1.122,2.117,0.013,0.022,4626.0,1437.0,1.0
I_1_hsgp_coeffs[26],0.025,0.903,-1.786,1.65,0.015,0.025,3665.0,1113.0,1.0
I_1_hsgp_coeffs[27],-0.09,0.894,-1.709,1.499,0.014,0.022,3847.0,1270.0,1.0
I_1_hsgp_coeffs[28],-0.286,0.895,-1.947,1.4,0.012,0.023,5709.0,1241.0,1.01
I_1_hsgp_coeffs[29],-0.116,0.853,-1.654,1.506,0.014,0.021,3726.0,1179.0,1.0
I_1_hsgp_coeffs[30],0.488,0.879,-1.171,2.097,0.014,0.023,3795.0,1415.0,1.0
I_1_hsgp_coeffs[31],0.213,0.885,-1.352,1.867,0.014,0.021,4004.0,1486.0,1.0
I_1_hsgp_coeffs[32],-0.508,0.865,-2.151,1.056,0.014,0.02,3617.0,1508.0,1.0
I_1_hsgp_coeffs[33],-0.126,0.877,-1.629,1.579,0.015,0.025,3530.0,985.0,1.0
I_1_hsgp_coeffs[34],0.419,0.879,-1.124,2.156,0.014,0.023,4117.0,1388.0,1.0
I_1_hsgp_coeffs[35],-0.083,0.854,-1.572,1.63,0.013,0.021,4330.0,1296.0,1.01
I_1_hsgp_coeffs[36],-0.34,0.882,-1.844,1.58,0.015,0.024,3374.0,1307.0,1.0
I_1_hsgp_coeffs[37],0.226,0.885,-1.318,1.939,0.012,0.029,5171.0,1338.0,1.0
I_1_hsgp_coeffs[38],0.441,0.936,-1.272,2.212,0.017,0.028,2919.0,1094.0,1.0
I_1_hsgp_coeffs[39],-0.268,0.897,-2.011,1.383,0.014,0.023,4291.0,1418.0,1.0
I_1_hsgp_coeffs[40],-0.701,0.954,-2.7,0.905,0.019,0.025,2598.0,1257.0,1.0
I_1_hsgp_coeffs[41],0.11,0.869,-1.599,1.608,0.012,0.025,5485.0,1509.0,1.0
I_1_hsgp_coeffs[42],0.95,0.882,-0.821,2.495,0.014,0.021,4021.0,1376.0,1.0
I_1_hsgp_coeffs[43],0.142,0.885,-1.434,1.931,0.014,0.023,4199.0,1271.0,1.0
I_1_hsgp_coeffs[44],-0.859,0.9,-2.484,0.822,0.013,0.02,4555.0,1553.0,1.0
I_1_hsgp_coeffs[45],-0.331,0.874,-1.837,1.445,0.013,0.022,4472.0,1328.0,1.0
I_1_hsgp_coeffs[46],0.033,0.892,-1.653,1.734,0.015,0.02,3406.0,1576.0,1.0
I_1_hsgp_coeffs[47],0.348,0.82,-1.221,1.819,0.012,0.022,4515.0,1329.0,1.0
I_1_hsgp_coeffs[48],1.657,0.775,0.219,3.163,0.014,0.019,3267.0,1456.0,1.0
I_1_hsgp_coeffs[49],-0.102,0.762,-1.4,1.438,0.014,0.018,2843.0,1492.0,1.0
I_2_hsgp_coeffs[0],0.192,0.907,-1.645,1.769,0.016,0.021,3185.0,1588.0,1.0
I_2_hsgp_coeffs[1],0.491,0.961,-1.176,2.454,0.013,0.027,5336.0,1418.0,1.0
I_2_hsgp_coeffs[2],-0.222,0.971,-2.111,1.467,0.016,0.023,3783.0,1209.0,1.0
I_2_hsgp_coeffs[3],-0.657,0.883,-2.199,1.08,0.014,0.022,3849.0,1348.0,1.0
I_2_hsgp_coeffs[4],0.181,0.902,-1.449,1.905,0.014,0.021,3984.0,1668.0,1.0
I_2_hsgp_coeffs[5],0.421,0.867,-1.144,2.084,0.012,0.022,4918.0,1530.0,1.0
I_2_hsgp_coeffs[6],-0.114,0.866,-1.731,1.535,0.014,0.025,3841.0,1319.0,1.0
I_2_hsgp_coeffs[7],0.077,0.913,-1.607,1.763,0.013,0.027,4749.0,1435.0,1.0
I_2_hsgp_coeffs[8],-0.004,0.862,-1.763,1.443,0.013,0.026,4095.0,1292.0,1.0
I_2_hsgp_coeffs[9],-0.488,0.848,-2.011,1.095,0.012,0.022,4824.0,1399.0,1.0
I_2_hsgp_coeffs[10],0.21,0.836,-1.352,1.731,0.012,0.025,4549.0,1009.0,1.0
I_2_hsgp_coeffs[11],0.653,0.845,-0.951,2.246,0.012,0.024,4752.0,1005.0,1.0
I_2_hsgp_coeffs[12],-0.483,0.893,-2.177,1.187,0.015,0.023,3503.0,1418.0,1.0
I_2_hsgp_coeffs[13],-0.44,0.883,-2.057,1.224,0.013,0.022,4469.0,1449.0,1.0
I_2_hsgp_coeffs[14],0.734,0.831,-0.843,2.188,0.014,0.02,3659.0,1435.0,1.01
I_2_hsgp_coeffs[15],0.021,0.873,-1.747,1.531,0.014,0.022,3871.0,1591.0,1.0
I_2_hsgp_coeffs[16],-0.85,0.868,-2.395,0.786,0.015,0.02,3194.0,1455.0,1.0
I_2_hsgp_coeffs[17],0.34,0.853,-1.147,2.052,0.012,0.028,4901.0,1237.0,1.0
I_2_hsgp_coeffs[18],0.868,0.893,-0.687,2.602,0.014,0.027,4160.0,1144.0,1.0
I_2_hsgp_coeffs[19],-0.426,0.841,-2.158,1.021,0.013,0.02,4319.0,1509.0,1.0
I_2_hsgp_coeffs[20],-0.695,0.871,-2.346,0.894,0.012,0.022,5347.0,1410.0,1.0
I_2_hsgp_coeffs[21],0.17,0.873,-1.374,1.804,0.014,0.025,3705.0,1286.0,1.0
I_2_hsgp_coeffs[22],0.449,0.87,-1.139,2.116,0.012,0.029,5431.0,1202.0,1.0
I_2_hsgp_coeffs[23],0.289,0.879,-1.275,2.011,0.013,0.024,4359.0,1244.0,1.0
I_2_hsgp_coeffs[24],-0.279,0.885,-1.95,1.299,0.014,0.023,4010.0,1372.0,1.0
I_2_hsgp_coeffs[25],-0.69,0.902,-2.342,0.991,0.013,0.029,4474.0,1283.0,1.0
I_2_hsgp_coeffs[26],0.229,0.856,-1.349,1.803,0.013,0.023,4506.0,1298.0,1.0
I_2_hsgp_coeffs[27],0.89,0.881,-0.665,2.612,0.012,0.021,5169.0,1484.0,1.0
I_2_hsgp_coeffs[28],-0.386,0.912,-2.083,1.307,0.012,0.027,5424.0,1019.0,1.0
I_2_hsgp_coeffs[29],-0.802,0.911,-2.539,0.88,0.013,0.021,4949.0,1660.0,1.0
I_2_hsgp_coeffs[30],0.653,0.889,-0.924,2.356,0.014,0.021,4029.0,1565.0,1.0
I_2_hsgp_coeffs[31],0.584,0.874,-1.028,2.246,0.014,0.022,4174.0,1259.0,1.0
I_2_hsgp_coeffs[32],-0.877,0.918,-2.691,0.715,0.014,0.023,4433.0,1424.0,1.0
I_2_hsgp_coeffs[33],-0.256,0.87,-1.892,1.375,0.013,0.025,4642.0,1404.0,1.0
I_2_hsgp_coeffs[34],0.927,0.9,-0.787,2.527,0.014,0.026,3883.0,1223.0,1.0
I_2_hsgp_coeffs[35],0.095,0.883,-1.469,1.858,0.014,0.023,4220.0,1200.0,1.01
I_2_hsgp_coeffs[36],-0.749,0.863,-2.429,0.728,0.014,0.018,3639.0,1639.0,1.0
I_2_hsgp_coeffs[37],-0.034,0.879,-1.581,1.712,0.014,0.021,4190.0,1404.0,1.0
I_2_hsgp_coeffs[38],0.404,0.875,-1.28,1.962,0.012,0.021,5214.0,1583.0,1.0
I_2_hsgp_coeffs[39],0.036,0.877,-1.655,1.642,0.013,0.025,4467.0,1030.0,1.0
I_2_hsgp_coeffs[40],0.044,0.855,-1.532,1.636,0.013,0.023,4118.0,1432.0,1.0
I_2_hsgp_coeffs[41],0.009,0.895,-1.697,1.616,0.014,0.021,3987.0,1329.0,1.0
I_2_hsgp_coeffs[42],-0.295,0.931,-2.013,1.533,0.013,0.027,4770.0,1106.0,1.0
I_2_hsgp_coeffs[43],-0.205,0.894,-1.833,1.505,0.013,0.027,4976.0,1154.0,1.0
I_2_hsgp_coeffs[44],0.206,0.918,-1.349,1.966,0.013,0.029,4558.0,1303.0,1.0
I_2_hsgp_coeffs[45],0.428,0.849,-1.138,1.974,0.012,0.021,5128.0,1357.0,1.0
I_2_hsgp_coeffs[46],0.272,0.89,-1.378,1.902,0.015,0.022,3731.0,1448.0,1.0
I_2_hsgp_coeffs[47],-0.388,0.868,-2.05,1.175,0.013,0.022,4225.0,1335.0,1.0
I_2_hsgp_coeffs[48],-0.916,0.766,-2.339,0.43,0.016,0.021,2372.0,1181.0,1.0
I_2_hsgp_coeffs[49],-0.16,0.777,-1.569,1.315,0.013,0.019,3549.0,1532.0,1.0
I_3_hsgp_coeffs[0],0.189,0.932,-1.556,1.905,0.016,0.022,3180.0,1395.0,1.0
I_3_hsgp_coeffs[1],-0.282,0.936,-2.122,1.449,0.012,0.029,5785.0,1195.0,1.0
I_3_hsgp_coeffs[2],-0.102,0.959,-1.902,1.712,0.015,0.028,4127.0,1139.0,1.0
I_3_hsgp_coeffs[3],0.515,0.885,-1.231,2.104,0.012,0.026,5046.0,1178.0,1.0
I_3_hsgp_coeffs[4],-0.026,0.951,-1.834,1.713,0.014,0.024,4406.0,1187.0,1.0
I_3_hsgp_coeffs[5],-0.633,0.826,-2.053,1.02,0.013,0.021,4270.0,1073.0,1.0
I_3_hsgp_coeffs[6],0.017,0.875,-1.568,1.58,0.013,0.022,4321.0,1424.0,1.0
I_3_hsgp_coeffs[7],0.619,0.904,-1.148,2.204,0.013,0.023,4807.0,1529.0,1.0
I_3_hsgp_coeffs[8],0.104,0.881,-1.553,1.707,0.013,0.022,4761.0,1444.0,1.0
I_3_hsgp_coeffs[9],-0.511,0.896,-2.046,1.268,0.013,0.023,4607.0,1413.0,1.0
I_3_hsgp_coeffs[10],-0.316,0.904,-2.029,1.333,0.012,0.027,5746.0,1334.0,1.0
I_3_hsgp_coeffs[11],0.32,0.881,-1.369,1.875,0.014,0.024,4147.0,1361.0,1.0
I_3_hsgp_coeffs[12],0.41,0.881,-1.25,1.956,0.015,0.023,3510.0,1350.0,1.0
I_3_hsgp_coeffs[13],-0.2,0.834,-1.798,1.24,0.013,0.019,4398.0,1703.0,1.0
I_3_hsgp_coeffs[14],-0.315,0.837,-1.852,1.218,0.013,0.02,3988.0,1521.0,1.0
I_3_hsgp_coeffs[15],0.259,0.88,-1.408,1.855,0.012,0.031,4998.0,1057.0,1.0
I_3_hsgp_coeffs[16],-0.004,0.874,-1.668,1.522,0.012,0.021,5022.0,1423.0,1.0
I_3_hsgp_coeffs[17],-0.512,0.882,-2.201,1.072,0.014,0.023,3720.0,1432.0,1.0
I_3_hsgp_coeffs[18],0.425,0.877,-1.151,2.117,0.012,0.024,4931.0,1347.0,1.0
I_3_hsgp_coeffs[19],0.818,0.931,-0.847,2.585,0.017,0.029,2952.0,1252.0,1.0
I_3_hsgp_coeffs[20],-0.776,0.897,-2.504,0.825,0.013,0.025,4470.0,1229.0,1.0
I_3_hsgp_coeffs[21],-1.021,0.846,-2.823,0.419,0.015,0.022,3338.0,1259.0,1.0
I_3_hsgp_coeffs[22],0.795,0.858,-0.856,2.275,0.015,0.02,3244.0,1539.0,1.0
I_3_hsgp_coeffs[23],1.029,0.901,-0.691,2.614,0.015,0.024,3459.0,1161.0,1.0
I_3_hsgp_coeffs[24],-0.539,0.884,-2.223,1.097,0.015,0.024,3417.0,1087.0,1.0
I_3_hsgp_coeffs[25],-0.736,0.851,-2.258,0.91,0.013,0.023,4342.0,1394.0,1.0
I_3_hsgp_coeffs[26],0.298,0.883,-1.327,1.943,0.015,0.024,3537.0,1317.0,1.0
I_3_hsgp_coeffs[27],0.247,0.858,-1.372,1.824,0.013,0.024,4299.0,1317.0,1.0
I_3_hsgp_coeffs[28],-0.072,0.831,-1.539,1.489,0.012,0.024,4940.0,1341.0,1.0
I_3_hsgp_coeffs[29],0.276,0.852,-1.353,1.821,0.013,0.024,4521.0,1284.0,1.0
I_3_hsgp_coeffs[30],0.078,0.831,-1.436,1.664,0.012,0.019,4480.0,1637.0,1.0
I_3_hsgp_coeffs[31],-0.549,0.862,-2.005,1.215,0.013,0.025,4303.0,1067.0,1.0
I_3_hsgp_coeffs[32],-0.303,0.886,-1.819,1.544,0.013,0.024,4871.0,1264.0,1.0
I_3_hsgp_coeffs[33],0.495,0.89,-1.191,2.115,0.013,0.026,4482.0,1208.0,1.0
I_3_hsgp_coeffs[34],0.588,0.893,-1.147,2.15,0.012,0.024,5227.0,1187.0,1.0
I_3_hsgp_coeffs[35],-0.244,0.861,-1.791,1.325,0.012,0.024,4982.0,1181.0,1.0
I_3_hsgp_coeffs[36],-0.731,0.883,-2.391,0.925,0.012,0.022,5028.0,1366.0,1.01
I_3_hsgp_coeffs[37],-0.068,0.872,-1.701,1.492,0.013,0.021,4666.0,1381.0,1.0
I_3_hsgp_coeffs[38],0.626,0.855,-0.913,2.267,0.014,0.025,3978.0,1304.0,1.0
I_3_hsgp_coeffs[39],0.222,0.879,-1.402,1.83,0.013,0.026,4504.0,1240.0,1.0
I_3_hsgp_coeffs[40],-0.312,0.897,-1.973,1.439,0.015,0.023,3532.0,1225.0,1.0
I_3_hsgp_coeffs[41],-0.191,0.873,-1.827,1.438,0.012,0.022,5667.0,1318.0,1.0
I_3_hsgp_coeffs[42],0.017,0.885,-1.794,1.55,0.013,0.028,4361.0,1255.0,1.0
I_3_hsgp_coeffs[43],0.117,0.858,-1.43,1.719,0.014,0.023,3823.0,1381.0,1.0
I_3_hsgp_coeffs[44],0.114,0.861,-1.514,1.785,0.012,0.026,5561.0,1316.0,1.0
I_3_hsgp_coeffs[45],-0.2,0.923,-2.003,1.422,0.015,0.023,3845.0,1400.0,1.0
I_3_hsgp_coeffs[46],-0.087,0.885,-1.629,1.7,0.014,0.025,4030.0,1345.0,1.0
I_3_hsgp_coeffs[47],0.776,0.846,-0.845,2.316,0.013,0.022,4295.0,1292.0,1.0
I_3_hsgp_coeffs[48],0.156,0.734,-1.199,1.538,0.012,0.018,3570.0,1586.0,1.0
I_3_hsgp_coeffs[49],-1.726,0.686,-2.962,-0.402,0.011,0.017,3694.0,1646.0,1.0
I_4_hsgp_coeffs[0],0.211,0.937,-1.652,1.839,0.015,0.023,3773.0,1329.0,1.0
I_4_hsgp_coeffs[1],-0.181,0.896,-1.806,1.515,0.013,0.022,4908.0,1579.0,1.0
I_4_hsgp_coeffs[2],-0.109,0.961,-2.048,1.563,0.016,0.024,3789.0,1375.0,1.0
I_4_hsgp_coeffs[3],0.381,0.825,-1.154,1.915,0.013,0.02,4380.0,1442.0,1.0
I_4_hsgp_coeffs[4],0.069,0.908,-1.735,1.652,0.013,0.027,4947.0,1348.0,1.0
I_4_hsgp_coeffs[5],-0.568,0.824,-2.12,0.962,0.012,0.021,4554.0,1337.0,1.0
I_4_hsgp_coeffs[6],-0.132,0.883,-1.805,1.486,0.014,0.022,4264.0,1528.0,1.0
I_4_hsgp_coeffs[7],0.672,0.864,-0.89,2.375,0.012,0.023,4819.0,1331.0,1.0
I_4_hsgp_coeffs[8],0.423,0.841,-1.133,2.017,0.013,0.021,4545.0,1517.0,1.0
I_4_hsgp_coeffs[9],-0.593,0.849,-2.155,0.959,0.013,0.021,4093.0,1464.0,1.0
I_4_hsgp_coeffs[10],-0.785,0.877,-2.509,0.743,0.013,0.021,4363.0,1403.0,1.0
I_4_hsgp_coeffs[11],0.321,0.828,-1.285,1.816,0.015,0.021,3217.0,1509.0,1.0
I_4_hsgp_coeffs[12],1.11,0.898,-0.532,2.878,0.013,0.021,4537.0,1699.0,1.0
I_4_hsgp_coeffs[13],-0.062,0.828,-1.51,1.561,0.011,0.024,5165.0,1274.0,1.0
I_4_hsgp_coeffs[14],-1.124,0.875,-2.88,0.406,0.015,0.024,3243.0,1258.0,1.0
I_4_hsgp_coeffs[15],-0.093,0.862,-1.79,1.46,0.014,0.023,3828.0,1146.0,1.0
I_4_hsgp_coeffs[16],0.802,0.872,-0.748,2.389,0.014,0.021,4082.0,1503.0,1.0
I_4_hsgp_coeffs[17],0.088,0.875,-1.628,1.616,0.013,0.023,4282.0,1406.0,1.0
I_4_hsgp_coeffs[18],-0.337,0.851,-1.932,1.257,0.014,0.021,3763.0,1613.0,1.0
I_4_hsgp_coeffs[19],0.164,0.841,-1.359,1.767,0.012,0.02,4526.0,1495.0,1.0
I_4_hsgp_coeffs[20],-0.099,0.816,-1.587,1.47,0.012,0.02,4737.0,1331.0,1.0
I_4_hsgp_coeffs[21],-0.413,0.903,-2.17,1.218,0.013,0.022,4755.0,1291.0,1.0
I_4_hsgp_coeffs[22],0.324,0.851,-1.301,1.874,0.013,0.024,4621.0,1306.0,1.0
I_4_hsgp_coeffs[23],0.494,0.866,-1.126,2.118,0.014,0.022,3924.0,1246.0,1.0
I_4_hsgp_coeffs[24],-0.319,0.864,-1.918,1.237,0.013,0.022,4707.0,1344.0,1.01
I_4_hsgp_coeffs[25],-0.289,0.833,-1.916,1.234,0.015,0.021,3050.0,1171.0,1.0
I_4_hsgp_coeffs[26],0.092,0.855,-1.449,1.722,0.012,0.023,5194.0,1382.0,1.0
I_4_hsgp_coeffs[27],-0.105,0.893,-1.816,1.441,0.015,0.025,3696.0,1416.0,1.0
I_4_hsgp_coeffs[28],0.181,0.86,-1.611,1.624,0.014,0.024,3904.0,1333.0,1.0
I_4_hsgp_coeffs[29],0.5,0.882,-1.156,2.129,0.013,0.022,4501.0,1415.0,1.0
I_4_hsgp_coeffs[30],-0.459,0.848,-2.093,1.101,0.012,0.021,4624.0,1608.0,1.0
I_4_hsgp_coeffs[31],-0.667,0.835,-2.218,0.916,0.013,0.024,3996.0,1252.0,1.0
I_4_hsgp_coeffs[32],0.542,0.848,-1.081,2.098,0.014,0.021,3901.0,1137.0,1.0
I_4_hsgp_coeffs[33],0.566,0.833,-1.026,2.177,0.013,0.019,4026.0,1518.0,1.0
I_4_hsgp_coeffs[34],-0.6,0.876,-2.301,0.876,0.015,0.029,3562.0,1452.0,1.0
I_4_hsgp_coeffs[35],-0.304,0.896,-1.999,1.287,0.012,0.022,5681.0,1225.0,1.0
I_4_hsgp_coeffs[36],0.605,0.854,-0.948,2.275,0.012,0.02,4822.0,1504.0,1.0
I_4_hsgp_coeffs[37],0.05,0.879,-1.65,1.695,0.011,0.028,6041.0,1177.0,1.0
I_4_hsgp_coeffs[38],-0.607,0.91,-2.26,1.102,0.014,0.023,4278.0,1322.0,1.0
I_4_hsgp_coeffs[39],-0.039,0.867,-1.717,1.423,0.014,0.024,3936.0,1594.0,1.0
I_4_hsgp_coeffs[40],0.589,0.899,-1.197,2.223,0.014,0.024,4319.0,1110.0,1.0
I_4_hsgp_coeffs[41],0.365,0.871,-1.319,1.89,0.013,0.023,4151.0,1489.0,1.0
I_4_hsgp_coeffs[42],-0.475,0.865,-2.109,1.099,0.013,0.022,4312.0,1500.0,1.0
I_4_hsgp_coeffs[43],-0.859,0.874,-2.607,0.706,0.015,0.026,3206.0,1425.0,1.0
I_4_hsgp_coeffs[44],0.195,0.837,-1.311,1.854,0.013,0.021,4164.0,1405.0,1.0
I_4_hsgp_coeffs[45],1.174,0.84,-0.285,2.835,0.013,0.019,3959.0,1564.0,1.0
I_4_hsgp_coeffs[46],0.199,0.861,-1.454,1.788,0.014,0.019,3732.0,1615.0,1.0
I_4_hsgp_coeffs[47],-0.901,0.813,-2.442,0.548,0.013,0.021,4023.0,1575.0,1.0
I_4_hsgp_coeffs[48],-0.559,0.669,-1.814,0.654,0.013,0.016,2690.0,1697.0,1.0
I_4_hsgp_coeffs[49],-0.112,0.777,-1.602,1.335,0.013,0.017,3857.0,1529.0,1.0
I_5_hsgp_coeffs[0],0.044,0.894,-1.679,1.687,0.016,0.022,2911.0,1326.0,1.0
I_5_hsgp_coeffs[1],-0.49,0.921,-2.179,1.267,0.013,0.025,4948.0,1369.0,1.0
I_5_hsgp_coeffs[2],0.08,0.92,-1.63,1.805,0.016,0.022,3423.0,1453.0,1.0
I_5_hsgp_coeffs[3],0.729,0.828,-0.904,2.219,0.014,0.02,3738.0,1369.0,1.0
I_5_hsgp_coeffs[4],-0.246,0.934,-2.054,1.472,0.013,0.024,4939.0,1339.0,1.0
I_5_hsgp_coeffs[5],-0.533,0.823,-2.109,1.029,0.013,0.023,3992.0,1257.0,1.0
I_5_hsgp_coeffs[6],0.329,0.83,-1.089,1.971,0.012,0.019,4948.0,1550.0,1.0
I_5_hsgp_coeffs[7],0.124,0.87,-1.651,1.587,0.014,0.022,3816.0,1289.0,1.0
I_5_hsgp_coeffs[8],-0.213,0.834,-1.862,1.252,0.012,0.024,5061.0,1290.0,1.0
I_5_hsgp_coeffs[9],0.172,0.795,-1.29,1.603,0.013,0.02,3955.0,1428.0,1.0
I_5_hsgp_coeffs[10],-0.045,0.812,-1.603,1.409,0.013,0.023,3945.0,1233.0,1.0
I_5_hsgp_coeffs[11],-0.103,0.854,-1.746,1.399,0.014,0.025,3982.0,1380.0,1.0
I_5_hsgp_coeffs[12],0.389,0.842,-1.188,1.957,0.014,0.019,3830.0,1578.0,1.0
I_5_hsgp_coeffs[13],-0.293,0.811,-1.811,1.142,0.012,0.02,4723.0,1497.0,1.0
I_5_hsgp_coeffs[14],-0.667,0.888,-2.442,0.918,0.014,0.022,3953.0,1200.0,1.0
I_5_hsgp_coeffs[15],0.763,0.839,-0.971,2.201,0.012,0.022,4998.0,1561.0,1.0
I_5_hsgp_coeffs[16],0.849,0.892,-0.634,2.623,0.015,0.024,3723.0,1020.0,1.0
I_5_hsgp_coeffs[17],-1.079,0.821,-2.504,0.558,0.014,0.019,3541.0,1571.0,1.0
I_5_hsgp_coeffs[18],-0.872,0.893,-2.591,0.733,0.014,0.021,4182.0,1532.0,1.0
I_5_hsgp_coeffs[19],1.045,0.865,-0.568,2.686,0.012,0.022,4985.0,1504.0,1.0
I_5_hsgp_coeffs[20],0.821,0.862,-0.823,2.345,0.015,0.019,3434.0,1388.0,1.0
I_5_hsgp_coeffs[21],-0.683,0.88,-2.218,1.027,0.014,0.02,3780.0,1506.0,1.0
I_5_hsgp_coeffs[22],-0.707,0.874,-2.347,0.849,0.014,0.023,4150.0,1543.0,1.0
I_5_hsgp_coeffs[23],0.237,0.857,-1.228,1.872,0.013,0.02,4539.0,1355.0,1.0
I_5_hsgp_coeffs[24],0.555,0.881,-1.075,2.223,0.013,0.022,4841.0,1450.0,1.0
I_5_hsgp_coeffs[25],0.155,0.85,-1.386,1.737,0.013,0.021,4154.0,1507.0,1.0
I_5_hsgp_coeffs[26],-0.409,0.846,-2.049,1.155,0.013,0.023,4392.0,1567.0,1.0
I_5_hsgp_coeffs[27],-0.282,0.873,-1.899,1.323,0.013,0.023,4667.0,1296.0,1.0
I_5_hsgp_coeffs[28],0.124,0.837,-1.412,1.745,0.014,0.02,3652.0,1247.0,1.0
I_5_hsgp_coeffs[29],0.225,0.882,-1.464,1.821,0.014,0.024,4066.0,1435.0,1.0
I_5_hsgp_coeffs[30],0.151,0.887,-1.479,1.764,0.012,0.025,5480.0,1351.0,1.0
I_5_hsgp_coeffs[31],-0.049,0.861,-1.68,1.511,0.012,0.026,5413.0,1393.0,1.01
I_5_hsgp_coeffs[32],-0.417,0.866,-2.137,1.107,0.015,0.021,3411.0,1383.0,1.0
I_5_hsgp_coeffs[33],0.019,0.86,-1.649,1.605,0.012,0.023,5091.0,1295.0,1.0
I_5_hsgp_coeffs[34],0.659,0.835,-0.997,2.146,0.012,0.02,4791.0,1063.0,1.0
I_5_hsgp_coeffs[35],-0.166,0.852,-1.758,1.512,0.013,0.021,3954.0,1398.0,1.0
I_5_hsgp_coeffs[36],-0.663,0.832,-2.189,0.912,0.012,0.025,4581.0,1151.0,1.0
I_5_hsgp_coeffs[37],0.474,0.878,-1.123,2.202,0.015,0.023,3574.0,1355.0,1.0
I_5_hsgp_coeffs[38],0.557,0.833,-0.894,2.147,0.013,0.02,4032.0,1444.0,1.0
I_5_hsgp_coeffs[39],-0.727,0.894,-2.305,1.004,0.014,0.024,4220.0,1481.0,1.0
I_5_hsgp_coeffs[40],-0.297,0.834,-1.838,1.289,0.013,0.022,4369.0,1313.0,1.0
I_5_hsgp_coeffs[41],0.779,0.869,-0.791,2.503,0.013,0.027,4431.0,1224.0,1.0
I_5_hsgp_coeffs[42],0.039,0.856,-1.523,1.694,0.014,0.024,3456.0,1314.0,1.01
I_5_hsgp_coeffs[43],-0.638,0.85,-2.258,0.937,0.013,0.02,4408.0,1640.0,1.0
I_5_hsgp_coeffs[44],0.08,0.874,-1.672,1.608,0.013,0.027,4412.0,1153.0,1.0
I_5_hsgp_coeffs[45],0.169,0.863,-1.479,1.695,0.012,0.027,4781.0,1286.0,1.0
I_5_hsgp_coeffs[46],0.064,0.874,-1.617,1.678,0.014,0.022,3929.0,1433.0,1.0
I_5_hsgp_coeffs[47],0.403,0.818,-1.134,1.905,0.014,0.019,3256.0,1542.0,1.0
I_5_hsgp_coeffs[48],-0.508,0.699,-1.916,0.726,0.012,0.016,3622.0,1529.0,1.0
I_5_hsgp_coeffs[49],-0.919,0.72,-2.31,0.45,0.011,0.016,3970.0,1636.0,1.0
I_6_hsgp_coeffs[0],0.321,0.932,-1.578,1.918,0.017,0.022,2860.0,1584.0,1.0
I_6_hsgp_coeffs[1],0.241,0.916,-1.435,1.966,0.013,0.022,4969.0,1527.0,1.0
I_6_hsgp_coeffs[2],0.047,0.945,-1.72,1.872,0.016,0.024,3536.0,1344.0,1.0
I_6_hsgp_coeffs[3],-0.279,0.842,-1.726,1.388,0.012,0.022,4995.0,1314.0,1.0
I_6_hsgp_coeffs[4],-0.432,0.916,-2.116,1.247,0.013,0.024,4815.0,1477.0,1.0
I_6_hsgp_coeffs[5],0.008,0.846,-1.571,1.587,0.012,0.024,4954.0,1443.0,1.01
I_6_hsgp_coeffs[6],0.486,0.838,-0.99,2.186,0.013,0.025,3997.0,993.0,1.0
I_6_hsgp_coeffs[7],0.39,0.852,-1.197,2.041,0.012,0.024,5506.0,1307.0,1.0
I_6_hsgp_coeffs[8],-0.2,0.842,-1.701,1.423,0.012,0.022,5271.0,1359.0,1.0
I_6_hsgp_coeffs[9],-0.739,0.873,-2.434,0.851,0.013,0.023,4596.0,1282.0,1.0
I_6_hsgp_coeffs[10],-0.364,0.914,-2.175,1.26,0.012,0.033,5827.0,1121.0,1.01
I_6_hsgp_coeffs[11],0.892,0.912,-0.803,2.513,0.014,0.022,3997.0,1496.0,1.0
I_6_hsgp_coeffs[12],0.828,0.883,-0.753,2.501,0.012,0.021,5257.0,1633.0,1.0
I_6_hsgp_coeffs[13],-0.873,0.911,-2.595,0.905,0.013,0.026,5177.0,1325.0,1.0
I_6_hsgp_coeffs[14],-1.011,0.882,-2.506,0.705,0.013,0.022,4771.0,1245.0,1.0
I_6_hsgp_coeffs[15],0.737,0.881,-0.873,2.389,0.014,0.025,4050.0,1095.0,1.0
I_6_hsgp_coeffs[16],0.83,0.91,-0.761,2.652,0.015,0.025,3647.0,1106.0,1.0
I_6_hsgp_coeffs[17],-0.609,0.858,-2.17,1.024,0.012,0.022,4822.0,1433.0,1.01
I_6_hsgp_coeffs[18],-0.514,0.851,-2.198,0.972,0.011,0.02,6099.0,1572.0,1.0
I_6_hsgp_coeffs[19],0.489,0.85,-1.229,1.996,0.013,0.022,4041.0,1357.0,1.0
I_6_hsgp_coeffs[20],0.184,0.856,-1.573,1.633,0.012,0.024,5044.0,1267.0,1.0
I_6_hsgp_coeffs[21],-0.41,0.867,-2.119,1.109,0.013,0.019,4421.0,1629.0,1.0
I_6_hsgp_coeffs[22],-0.078,0.836,-1.601,1.545,0.013,0.02,4258.0,1293.0,1.0
I_6_hsgp_coeffs[23],0.342,0.846,-1.192,1.912,0.012,0.02,5407.0,1472.0,1.0
I_6_hsgp_coeffs[24],0.169,0.841,-1.229,1.899,0.014,0.021,3623.0,1437.0,1.0
I_6_hsgp_coeffs[25],-0.255,0.899,-1.916,1.417,0.012,0.025,5838.0,1250.0,1.01
I_6_hsgp_coeffs[26],-0.374,0.889,-2.024,1.279,0.013,0.022,4394.0,1356.0,1.0
I_6_hsgp_coeffs[27],0.225,0.867,-1.344,1.915,0.012,0.022,4862.0,1458.0,1.0
I_6_hsgp_coeffs[28],0.554,0.889,-1.043,2.23,0.013,0.022,4944.0,1106.0,1.0
I_6_hsgp_coeffs[29],-0.16,0.84,-1.628,1.476,0.012,0.019,5050.0,1338.0,1.0
I_6_hsgp_coeffs[30],-0.588,0.923,-2.273,1.193,0.013,0.025,4834.0,1278.0,1.0
I_6_hsgp_coeffs[31],0.243,0.884,-1.448,1.833,0.013,0.025,4603.0,1335.0,1.0
I_6_hsgp_coeffs[32],0.502,0.863,-1.097,2.125,0.012,0.019,5120.0,1693.0,1.0
I_6_hsgp_coeffs[33],-0.363,0.878,-2.105,1.154,0.013,0.022,4409.0,1584.0,1.0
I_6_hsgp_coeffs[34],-0.271,0.901,-2.09,1.281,0.014,0.025,4019.0,1390.0,1.0
I_6_hsgp_coeffs[35],0.507,0.876,-1.198,2.098,0.012,0.021,5238.0,1498.0,1.0
I_6_hsgp_coeffs[36],-0.02,0.862,-1.582,1.67,0.012,0.023,4980.0,1440.0,1.0
I_6_hsgp_coeffs[37],-0.543,0.893,-2.208,0.991,0.013,0.025,4403.0,1400.0,1.0
I_6_hsgp_coeffs[38],0.3,0.872,-1.256,2.005,0.014,0.022,3884.0,1530.0,1.0
I_6_hsgp_coeffs[39],0.469,0.864,-1.169,2.058,0.014,0.022,4053.0,1509.0,1.0
I_6_hsgp_coeffs[40],-0.454,0.879,-2.09,1.227,0.014,0.021,3833.0,1537.0,1.0
I_6_hsgp_coeffs[41],-0.255,0.901,-2.073,1.277,0.012,0.026,5906.0,1229.0,1.0
I_6_hsgp_coeffs[42],0.538,0.839,-1.001,2.158,0.013,0.021,4179.0,1331.0,1.0
I_6_hsgp_coeffs[43],-0.068,0.883,-1.784,1.527,0.014,0.024,4160.0,1313.0,1.0
I_6_hsgp_coeffs[44],-0.559,0.855,-2.297,0.909,0.014,0.021,3750.0,1502.0,1.0
I_6_hsgp_coeffs[45],0.379,0.887,-1.203,2.058,0.015,0.028,3376.0,1172.0,1.0
I_6_hsgp_coeffs[46],0.476,0.875,-1.17,2.05,0.013,0.021,4716.0,1523.0,1.0
I_6_hsgp_coeffs[47],-0.65,0.837,-2.273,0.927,0.014,0.022,3446.0,1336.0,1.0
I_6_hsgp_coeffs[48],-0.293,0.84,-1.967,1.162,0.013,0.02,3912.0,1563.0,1.0
I_6_hsgp_coeffs[49],0.83,0.809,-0.593,2.401,0.013,0.02,3779.0,1478.0,1.0
I_7_hsgp_coeffs[0],0.034,0.952,-1.734,1.914,0.016,0.021,3408.0,1556.0,1.0
I_7_hsgp_coeffs[1],-0.538,0.952,-2.237,1.281,0.013,0.028,5631.0,1439.0,1.01
I_7_hsgp_coeffs[2],0.19,0.957,-1.525,1.991,0.017,0.022,3215.0,1638.0,1.0
I_7_hsgp_coeffs[3],0.872,0.89,-0.7,2.572,0.014,0.022,3867.0,1470.0,1.0
I_7_hsgp_coeffs[4],-0.475,0.926,-2.19,1.167,0.014,0.022,4537.0,1369.0,1.0
I_7_hsgp_coeffs[5],-0.914,0.835,-2.448,0.596,0.013,0.021,4206.0,1256.0,1.0
I_7_hsgp_coeffs[6],0.654,0.899,-1.044,2.189,0.014,0.022,4101.0,1421.0,1.0
I_7_hsgp_coeffs[7],0.535,0.87,-1.043,2.149,0.013,0.024,4833.0,1232.0,1.0
I_7_hsgp_coeffs[8],-0.622,0.867,-2.33,0.928,0.014,0.025,3971.0,1151.0,1.0
I_7_hsgp_coeffs[9],-0.031,0.864,-1.607,1.612,0.011,0.024,5695.0,1294.0,1.0
I_7_hsgp_coeffs[10],0.358,0.903,-1.252,2.042,0.012,0.022,5415.0,1606.0,1.0
I_7_hsgp_coeffs[11],-0.424,0.849,-1.981,1.135,0.013,0.023,4060.0,1506.0,1.01
I_7_hsgp_coeffs[12],-0.075,0.871,-1.594,1.675,0.012,0.023,4971.0,1212.0,1.0
I_7_hsgp_coeffs[13],0.68,0.833,-0.853,2.246,0.013,0.021,4109.0,1478.0,1.0
I_7_hsgp_coeffs[14],-0.136,0.844,-1.807,1.367,0.014,0.02,3702.0,1478.0,1.0
I_7_hsgp_coeffs[15],-0.581,0.834,-2.135,0.975,0.012,0.023,4642.0,1420.0,1.0
I_7_hsgp_coeffs[16],0.131,0.874,-1.463,1.883,0.014,0.022,4171.0,1477.0,1.0
I_7_hsgp_coeffs[17],0.316,0.868,-1.388,1.829,0.012,0.023,5340.0,1113.0,1.0
I_7_hsgp_coeffs[18],0.045,0.855,-1.41,1.723,0.014,0.024,3641.0,1362.0,1.0
I_7_hsgp_coeffs[19],-0.016,0.866,-1.595,1.609,0.012,0.024,5593.0,1259.0,1.0
I_7_hsgp_coeffs[20],-0.264,0.817,-1.84,1.269,0.01,0.023,6430.0,1357.0,1.0
I_7_hsgp_coeffs[21],-0.114,0.888,-1.686,1.622,0.013,0.022,4508.0,1432.0,1.0
I_7_hsgp_coeffs[22],0.424,0.879,-1.306,2.015,0.012,0.027,5643.0,1270.0,1.0
I_7_hsgp_coeffs[23],-0.029,0.886,-1.658,1.6,0.011,0.02,6396.0,1462.0,1.0
I_7_hsgp_coeffs[24],-0.45,0.885,-2.048,1.208,0.012,0.023,5683.0,1232.0,1.0
I_7_hsgp_coeffs[25],0.403,0.877,-1.152,2.164,0.012,0.026,5503.0,1325.0,1.0
I_7_hsgp_coeffs[26],0.313,0.924,-1.314,2.14,0.013,0.024,5137.0,1466.0,1.0
I_7_hsgp_coeffs[27],-0.763,0.841,-2.301,0.848,0.013,0.023,4283.0,1250.0,1.0
I_7_hsgp_coeffs[28],-0.069,0.877,-1.725,1.474,0.013,0.025,4523.0,1068.0,1.0
I_7_hsgp_coeffs[29],0.933,0.855,-0.57,2.667,0.013,0.027,4568.0,1245.0,1.0
I_7_hsgp_coeffs[30],-0.209,0.871,-1.855,1.357,0.013,0.026,4221.0,1452.0,1.0
I_7_hsgp_coeffs[31],-0.82,0.887,-2.418,0.969,0.016,0.027,3178.0,1628.0,1.0
I_7_hsgp_coeffs[32],0.52,0.893,-1.078,2.234,0.015,0.023,3711.0,1398.0,1.0
I_7_hsgp_coeffs[33],0.434,0.886,-1.259,2.013,0.013,0.022,4401.0,1434.0,1.0
I_7_hsgp_coeffs[34],-0.732,0.865,-2.34,0.949,0.015,0.025,3455.0,1189.0,1.0
I_7_hsgp_coeffs[35],0.004,0.903,-1.665,1.737,0.012,0.022,5677.0,1501.0,1.0
I_7_hsgp_coeffs[36],0.835,0.854,-0.764,2.454,0.015,0.019,3260.0,1506.0,1.0
I_7_hsgp_coeffs[37],-0.274,0.875,-1.82,1.519,0.013,0.022,4392.0,1394.0,1.0
I_7_hsgp_coeffs[38],-0.716,0.896,-2.346,1.104,0.014,0.024,4366.0,1335.0,1.0
I_7_hsgp_coeffs[39],0.347,0.871,-1.446,1.835,0.013,0.024,4173.0,1229.0,1.0
I_7_hsgp_coeffs[40],0.367,0.888,-1.309,2.077,0.012,0.026,5201.0,1122.0,1.0
I_7_hsgp_coeffs[41],-0.175,0.858,-1.811,1.369,0.012,0.022,5358.0,1235.0,1.0
I_7_hsgp_coeffs[42],0.188,0.868,-1.452,1.777,0.013,0.021,4238.0,1507.0,1.0
I_7_hsgp_coeffs[43],-0.129,0.872,-1.88,1.374,0.012,0.022,5017.0,1418.0,1.0
I_7_hsgp_coeffs[44],-0.715,0.823,-2.149,0.924,0.013,0.02,3800.0,1460.0,1.0
I_7_hsgp_coeffs[45],0.313,0.832,-1.281,1.813,0.014,0.02,3681.0,1415.0,1.0
I_7_hsgp_coeffs[46],0.965,0.833,-0.603,2.533,0.014,0.019,3395.0,1610.0,1.0
I_7_hsgp_coeffs[47],-0.471,0.849,-2.027,1.111,0.015,0.023,3327.0,1648.0,1.0
I_7_hsgp_coeffs[48],-0.471,0.664,-1.699,0.755,0.013,0.015,2748.0,1658.0,1.0
I_7_hsgp_coeffs[49],0.693,0.722,-0.635,2.082,0.011,0.018,3976.0,1484.0,1.0
ell_t[0],7.625,3.819,1.395,14.393,0.14,0.093,776.0,1166.0,1.0
ell_t[1],4.432,2.759,0.284,9.159,0.072,0.056,1457.0,1487.0,1.0
ell_t[2],6.711,3.717,0.316,13.049,0.099,0.079,1373.0,1326.0,1.0
ell_t[3],4.667,2.692,0.429,9.405,0.06,0.071,1865.0,1534.0,1.0
ell_t[4],5.8,2.56,1.0,10.427,0.063,0.062,1518.0,1032.0,1.0
ell_t[5],8.937,4.277,0.941,16.172,0.122,0.087,1149.0,1000.0,1.0
ell_t[6],10.789,3.533,4.412,17.203,0.086,0.083,1636.0,1182.0,1.0
ell_t[7],8.335,3.56,1.18,14.446,0.097,0.091,1212.0,815.0,1.0
eta_t[0],1.134,0.383,0.505,1.86,0.012,0.009,957.0,1392.0,1.0
eta_t[1],1.119,0.397,0.437,1.849,0.012,0.009,1088.0,1326.0,1.0
eta_t[2],1.05,0.364,0.438,1.714,0.011,0.009,1121.0,1261.0,1.0
eta_t[3],1.271,0.386,0.57,1.961,0.012,0.007,1078.0,1333.0,1.0
eta_t[4],1.132,0.358,0.503,1.751,0.01,0.009,1191.0,1473.0,1.0
eta_t[5],1.018,0.327,0.45,1.599,0.01,0.009,921.0,1455.0,1.0
eta_t[6],1.021,0.34,0.473,1.676,0.009,0.007,1260.0,1333.0,1.0
eta_t[7],0.823,0.274,0.363,1.342,0.008,0.007,1031.0,1109.0,1.0
sigma_y_t[0],0.216,0.016,0.186,0.246,0.0,0.0,1591.0,1474.0,1.0
sigma_y_t[1],0.14,0.012,0.118,0.161,0.0,0.0,1871.0,1615.0,1.0
sigma_y_t[2],0.179,0.013,0.154,0.204,0.0,0.0,3994.0,1533.0,1.0
sigma_y_t[3],0.236,0.019,0.201,0.272,0.0,0.0,2696.0,1485.0,1.0
sigma_y_t[4],0.125,0.009,0.109,0.142,0.0,0.0,3518.0,1397.0,1.0
sigma_y_t[5],0.15,0.011,0.128,0.171,0.0,0.0,2585.0,1439.0,1.0
sigma_y_t[6],0.187,0.015,0.159,0.213,0.0,0.0,4005.0,1381.0,1.0
sigma_y_t[7],0.127,0.01,0.109,0.145,0.0,0.0,2686.0,1470.0,1.0
log_b_mag_sigma,0.141,0.112,0.0,0.341,0.002,0.003,1834.0,1356.0,1.0
log_b_sigma,0.155,0.123,0.0,0.372,0.003,0.003,1572.0,1091.0,1.0
phi_t[0],1.178,0.441,0.455,1.993,0.007,0.011,4308.0,1142.0,1.0
phi_t[1],1.131,0.49,0.305,2.013,0.008,0.014,3779.0,1283.0,1.0
phi_t[2],1.612,0.581,0.56,2.692,0.008,0.014,4372.0,1583.0,1.0
phi_t[3],1.308,0.485,0.458,2.197,0.007,0.012,4384.0,1212.0,1.0
phi_t[4],1.15,0.577,0.226,2.207,0.009,0.014,3439.0,1178.0,1.0
phi_t[5],1.206,0.515,0.365,2.125,0.009,0.013,3652.0,1546.0,1.0
phi_t[6],1.327,0.52,0.413,2.25,0.008,0.014,4499.0,1294.0,1.0
phi_t[7],1.379,0.584,0.413,2.432,0.008,0.014,3823.0,1237.0,1.0
log_b_mag_t[0],0.291,0.24,-0.14,0.74,0.008,0.005,988.0,1543.0,1.01
log_b_mag_t[1],0.35,0.249,-0.107,0.803,0.008,0.005,1030.0,1393.0,1.0
log_b_mag_t[2],0.354,0.241,-0.108,0.778,0.007,0.005,1135.0,1551.0,1.0
log_b_mag_t[3],0.386,0.242,-0.058,0.818,0.007,0.005,1085.0,1489.0,1.0
log_b_mag_t[4],0.298,0.244,-0.142,0.774,0.008,0.005,906.0,1231.0,1.0
log_b_mag_t[5],0.326,0.24,-0.105,0.776,0.007,0.004,1083.0,1679.0,1.0
log_b_mag_t[6],0.35,0.246,-0.086,0.833,0.008,0.005,1060.0,1328.0,1.0
log_b_mag_t[7],0.307,0.238,-0.112,0.752,0.008,0.005,987.0,1643.0,1.0
b_mag_t[0],1.376,0.333,0.842,2.043,0.011,0.008,988.0,1543.0,1.01
b_mag_t[1],1.466,0.395,0.853,2.159,0.012,0.015,1030.0,1393.0,1.0
b_mag_t[2],1.469,0.377,0.897,2.177,0.012,0.014,1135.0,1551.0,1.0
b_mag_t[3],1.516,0.395,0.906,2.21,0.012,0.013,1085.0,1489.0,1.0
b_mag_t[4],1.388,0.346,0.809,2.058,0.011,0.009,906.0,1231.0,1.0
b_mag_t[5],1.427,0.353,0.88,2.138,0.011,0.008,1083.0,1679.0,1.0
b_mag_t[6],1.464,0.386,0.823,2.132,0.012,0.013,1060.0,1328.0,1.0
b_mag_t[7],1.399,0.348,0.839,2.058,0.011,0.009,987.0,1643.0,1.0
log_b_t[0],0.227,0.262,-0.288,0.713,0.007,0.006,1287.0,1460.0,1.0
log_b_t[1],0.157,0.26,-0.334,0.615,0.007,0.005,1440.0,1550.0,1.0
log_b_t[2],0.138,0.261,-0.331,0.668,0.007,0.005,1347.0,1583.0,1.0
log_b_t[3],0.113,0.271,-0.407,0.629,0.007,0.006,1258.0,1438.0,1.0
log_b_t[4],0.223,0.271,-0.266,0.745,0.008,0.006,1295.0,1644.0,1.0
log_b_t[5],0.159,0.26,-0.349,0.627,0.007,0.005,1401.0,1760.0,1.0
log_b_t[6],0.151,0.262,-0.341,0.638,0.007,0.005,1362.0,1720.0,1.0
log_b_t[7],0.177,0.261,-0.3,0.652,0.007,0.005,1415.0,1610.0,1.0
b_t[0],1.3,0.363,0.705,1.972,0.01,0.012,1287.0,1460.0,1.0
b_t[1],1.209,0.316,0.674,1.808,0.008,0.008,1440.0,1550.0,1.0
b_t[2],1.188,0.311,0.649,1.777,0.009,0.007,1347.0,1583.0,1.0
b_t[3],1.16,0.303,0.565,1.693,0.009,0.007,1258.0,1438.0,1.0
b_t[4],1.297,0.374,0.688,1.983,0.011,0.011,1295.0,1644.0,1.0
b_t[5],1.213,0.32,0.651,1.8,0.009,0.008,1401.0,1760.0,1.0
b_t[6],1.204,0.318,0.656,1.806,0.009,0.007,1362.0,1720.0,1.0
b_t[7],1.235,0.326,0.723,1.883,0.009,0.007,1415.0,1610.0,1.0
I_0[0],-0.588,0.345,-1.27,0.019,0.009,0.008,1476.0,1396.0,1.0
I_0[1],-0.62,0.348,-1.273,0.031,0.009,0.008,1446.0,1376.0,1.0
I_0[2],-0.711,0.361,-1.398,-0.055,0.01,0.009,1343.0,1396.0,1.0
I_0[3],-0.928,0.397,-1.64,-0.189,0.011,0.009,1245.0,1394.0,1.0
I_0[4],-0.985,0.406,-1.731,-0.235,0.011,0.009,1239.0,1530.0,1.0
I_0[5],-1.042,0.415,-1.791,-0.262,0.012,0.01,1229.0,1504.0,1.0
I_0[6],-1.323,0.456,-2.218,-0.581,0.013,0.011,1235.0,1552.0,1.0
I_0[7],-1.341,0.458,-2.243,-0.586,0.013,0.011,1247.0,1553.0,1.0
I_0[8],-1.343,0.458,-2.253,-0.593,0.013,0.011,1252.0,1605.0,1.0
I_0[9],-1.337,0.456,-2.273,-0.619,0.013,0.011,1266.0,1553.0,1.0
I_0[10],-1.203,0.432,-2.004,-0.435,0.012,0.01,1279.0,1527.0,1.0
I_0[11],-1.138,0.422,-1.939,-0.408,0.012,0.01,1286.0,1468.0,1.0
I_0[12],-1.095,0.415,-1.887,-0.381,0.011,0.01,1295.0,1504.0,1.0
I_0[13],-1.077,0.413,-1.863,-0.365,0.011,0.01,1297.0,1483.0,1.0
I_0[14],-1.042,0.408,-1.792,-0.308,0.011,0.01,1307.0,1460.0,1.0
I_0[15],-1.032,0.407,-1.78,-0.295,0.011,0.009,1312.0,1508.0,1.0
I_0[16],-1.03,0.406,-1.778,-0.292,0.011,0.009,1313.0,1544.0,1.0
I_0[17],-1.003,0.403,-1.748,-0.27,0.011,0.009,1322.0,1530.0,1.0
I_0[18],-0.987,0.401,-1.735,-0.258,0.011,0.009,1335.0,1532.0,1.0
I_0[19],-0.982,0.4,-1.73,-0.252,0.011,0.009,1338.0,1532.0,1.0
I_0[20],-0.925,0.393,-1.68,-0.227,0.01,0.009,1379.0,1506.0,1.0
I_0[21],-0.784,0.375,-1.496,-0.115,0.01,0.008,1476.0,1416.0,1.0
I_0[22],-0.783,0.375,-1.495,-0.114,0.01,0.008,1477.0,1416.0,1.0
I_0[23],-0.775,0.374,-1.489,-0.11,0.01,0.008,1482.0,1416.0,1.0
I_0[24],-0.472,0.339,-1.103,0.161,0.008,0.008,1597.0,1355.0,1.0
I_0[25],-0.306,0.327,-0.926,0.311,0.008,0.008,1597.0,1483.0,1.0
I_0[26],-0.141,0.32,-0.727,0.501,0.008,0.008,1574.0,1414.0,1.0
I_0[27],-0.14,0.32,-0.726,0.502,0.008,0.008,1574.0,1414.0,1.0
I_0[28],-0.122,0.319,-0.713,0.515,0.008,0.008,1572.0,1393.0,1.0
I_0[29],0.044,0.319,-0.564,0.688,0.008,0.008,1543.0,1335.0,1.0
I_0[30],0.114,0.32,-0.518,0.742,0.008,0.008,1527.0,1393.0,1.0
I_0[31],0.406,0.336,-0.176,1.104,0.009,0.008,1458.0,1377.0,1.0
I_0[32],0.453,0.34,-0.172,1.125,0.009,0.009,1448.0,1377.0,1.0
I_0[33],0.457,0.34,-0.124,1.175,0.009,0.009,1448.0,1377.0,1.0
I_0[34],0.551,0.349,-0.103,1.209,0.009,0.009,1431.0,1377.0,1.0
I_0[35],0.767,0.373,0.108,1.454,0.01,0.01,1403.0,1357.0,1.0
I_0[36],0.775,0.374,0.112,1.462,0.01,0.01,1403.0,1357.0,1.0
I_0[37],0.789,0.375,0.122,1.481,0.01,0.01,1403.0,1356.0,1.0
I_0[38],0.842,0.382,0.176,1.562,0.01,0.01,1401.0,1356.0,1.0
I_0[39],0.851,0.383,0.182,1.573,0.011,0.01,1400.0,1375.0,1.0
I_0[40],0.899,0.39,0.241,1.645,0.011,0.01,1399.0,1372.0,1.0
I_0[41],0.91,0.392,0.244,1.658,0.011,0.01,1397.0,1439.0,1.0
I_0[42],0.93,0.396,0.269,1.697,0.011,0.01,1398.0,1503.0,1.0
I_0[43],0.937,0.397,0.326,1.78,0.011,0.01,1400.0,1476.0,1.0
I_0[44],0.934,0.397,0.32,1.778,0.011,0.01,1403.0,1472.0,1.0
I_0[45],0.919,0.395,0.234,1.679,0.011,0.01,1406.0,1309.0,1.0
I_0[46],0.893,0.39,0.212,1.65,0.011,0.01,1412.0,1331.0,1.0
I_0[47],0.779,0.372,0.118,1.506,0.01,0.01,1439.0,1434.0,1.0
I_0[48],0.653,0.355,0.047,1.39,0.01,0.009,1466.0,1280.0,1.0
I_0[49],0.541,0.343,-0.075,1.224,0.009,0.009,1484.0,1373.0,1.0
I_0[50],0.472,0.337,-0.146,1.136,0.009,0.009,1496.0,1393.0,1.0
I_0[51],0.414,0.332,-0.216,1.049,0.009,0.008,1502.0,1354.0,1.0
I_0[52],0.401,0.331,-0.232,1.032,0.009,0.008,1504.0,1354.0,1.0
I_0[53],0.033,0.315,-0.52,0.703,0.008,0.008,1526.0,1458.0,1.0
I_0[54],0.019,0.315,-0.54,0.683,0.008,0.008,1526.0,1458.0,1.0
I_0[55],0.0,0.315,-0.557,0.663,0.008,0.008,1528.0,1457.0,1.0
I_0[56],-0.014,0.315,-0.555,0.667,0.008,0.008,1528.0,1479.0,1.0
I_0[57],-0.053,0.315,-0.601,0.615,0.008,0.008,1529.0,1478.0,1.0
I_0[58],-0.148,0.319,-0.734,0.479,0.008,0.008,1534.0,1390.0,1.0
I_0[59],-0.147,0.32,-0.751,0.468,0.008,0.008,1534.0,1391.0,1.0
I_0[60],-0.144,0.32,-0.748,0.471,0.008,0.008,1533.0,1391.0,1.0
I_0[61],-0.064,0.321,-0.691,0.543,0.008,0.008,1532.0,1457.0,1.0
I_0[62],0.132,0.325,-0.477,0.764,0.008,0.008,1510.0,1478.0,1.0
I_0[63],0.178,0.326,-0.422,0.828,0.009,0.008,1504.0,1501.0,1.0
I_0[64],0.581,0.356,-0.05,1.302,0.01,0.009,1454.0,1478.0,1.0
I_0[65],0.605,0.359,-0.028,1.337,0.01,0.009,1450.0,1478.0,1.0
I_0[66],0.853,0.391,0.217,1.682,0.011,0.01,1419.0,1453.0,1.0
I_0[67],1.041,0.425,0.286,1.834,0.012,0.01,1412.0,1416.0,1.0
I_0[68],0.833,0.399,0.182,1.627,0.011,0.01,1478.0,1460.0,1.0
I_0[69],0.791,0.393,0.119,1.544,0.01,0.01,1486.0,1433.0,1.0
I_0[70],0.751,0.387,0.075,1.482,0.01,0.009,1493.0,1455.0,1.0
I_0[71],0.199,0.33,-0.404,0.843,0.008,0.008,1553.0,1479.0,1.0
I_0[72],-0.048,0.323,-0.667,0.572,0.008,0.008,1555.0,1503.0,1.0
I_0[73],-0.061,0.323,-0.682,0.555,0.008,0.008,1556.0,1503.0,1.0
I_0[74],-0.111,0.323,-0.747,0.505,0.008,0.008,1556.0,1554.0,1.0
I_0[75],-0.184,0.325,-0.832,0.429,0.008,0.008,1554.0,1530.0,1.0
I_0[76],-0.189,0.325,-0.839,0.423,0.008,0.008,1555.0,1530.0,1.0
I_0[77],-0.428,0.342,-1.076,0.228,0.009,0.008,1538.0,1373.0,1.0
I_0[78],-0.464,0.346,-1.154,0.162,0.009,0.008,1528.0,1333.0,1.0
I_0[79],-0.464,0.346,-1.155,0.161,0.009,0.008,1528.0,1333.0,1.0
I_0[80],-0.466,0.347,-1.165,0.151,0.009,0.008,1523.0,1333.0,1.0
I_0[81],-0.198,0.327,-0.805,0.448,0.008,0.008,1515.0,1527.0,1.0
I_0[82],0.03,0.32,-0.628,0.598,0.008,0.008,1517.0,1435.0,1.0
I_0[83],0.088,0.32,-0.551,0.667,0.008,0.008,1512.0,1394.0,1.0
I_0[84],0.179,0.322,-0.445,0.789,0.008,0.008,1514.0,1373.0,1.0
I_0[85],0.286,0.326,-0.302,0.941,0.009,0.008,1509.0,1336.0,1.0
I_0[86],0.332,0.328,-0.271,0.986,0.009,0.008,1507.0,1354.0,1.0
I_0[87],0.389,0.332,-0.229,1.042,0.009,0.008,1498.0,1353.0,1.0
I_0[88],0.664,0.358,0.022,1.365,0.01,0.009,1440.0,1504.0,1.0
I_0[89],0.702,0.362,0.022,1.37,0.01,0.009,1426.0,1481.0,1.0
I_0[90],0.899,0.39,0.205,1.622,0.011,0.01,1370.0,1526.0,1.0
I_0[91],0.979,0.403,0.281,1.727,0.011,0.01,1352.0,1500.0,1.0
I_0[92],1.083,0.42,0.398,1.893,0.012,0.011,1331.0,1524.0,1.0
I_0[93],1.469,0.488,0.667,2.365,0.014,0.012,1272.0,1654.0,1.0
I_0[94],1.617,0.514,0.783,2.57,0.015,0.013,1260.0,1650.0,1.0
I_0[95],1.648,0.519,0.746,2.558,0.015,0.013,1257.0,1593.0,1.0
I_0[96],1.713,0.528,0.804,2.651,0.015,0.013,1248.0,1542.0,1.0
I_0[97],1.606,0.505,0.783,2.576,0.014,0.013,1260.0,1522.0,1.0
I_0[98],1.579,0.5,0.794,2.575,0.014,0.013,1263.0,1522.0,1.0
I_0[99],1.555,0.495,0.692,2.459,0.014,0.013,1266.0,1522.0,1.0
I_0[100],1.247,0.442,0.535,2.13,0.012,0.011,1318.0,1551.0,1.0
I_0[101],1.129,0.423,0.474,2.005,0.012,0.011,1343.0,1498.0,1.0
I_0[102],1.019,0.407,0.328,1.807,0.011,0.011,1368.0,1347.0,1.0
I_0[103],0.933,0.395,0.264,1.712,0.011,0.01,1391.0,1400.0,1.0
I_0[104],0.577,0.354,-0.011,1.289,0.009,0.009,1487.0,1248.0,1.0
I_0[105],0.471,0.344,-0.12,1.158,0.009,0.009,1512.0,1478.0,1.0
I_0[106],0.375,0.337,-0.217,1.046,0.009,0.008,1531.0,1481.0,1.0
I_0[107],0.262,0.33,-0.294,0.96,0.009,0.008,1549.0,1505.0,1.0
I_0[108],0.246,0.33,-0.304,0.94,0.009,0.008,1550.0,1436.0,1.0
I_0[109],-0.031,0.324,-0.639,0.592,0.008,0.008,1565.0,1605.0,1.0
mu_w_0[0],2.978,1.272,0.754,5.222,0.026,0.03,2424.0,1566.0,1.0
mu_w_0[1],1.795,0.948,0.246,3.516,0.019,0.024,2590.0,1486.0,1.0
mu_w_0[2],2.55,1.166,0.542,4.674,0.024,0.029,2448.0,1246.0,1.0
mu_w_0[3],8.627,2.453,4.227,13.064,0.054,0.063,2188.0,1795.0,1.0
mu_w_0[4],23.046,7.257,11.174,35.928,0.158,0.191,2060.0,1717.0,1.0
mu_w_0[5],22.446,6.991,10.999,34.949,0.152,0.177,2045.0,1227.0,1.0
mu_w_0[6],10.059,2.75,5.488,15.314,0.062,0.073,2123.0,1486.0,1.0
mu_w_0[7],9.157,2.605,4.547,13.963,0.059,0.068,2113.0,1532.0,1.0
mu_w_0[8],23.242,8.082,11.308,38.029,0.173,0.213,2040.0,1559.0,1.0
mu_w_0[9],6.804,2.063,3.325,10.776,0.045,0.054,2286.0,1760.0,1.0
mu_w_0[10],6.278,2.007,2.967,10.14,0.043,0.049,2281.0,1761.0,1.0
mu_w_0[11],18.076,5.233,9.38,27.595,0.116,0.131,1970.0,1415.0,1.0
mu_w_0[12],63.42,34.259,19.968,120.085,0.74,1.481,2169.0,1770.0,1.0
mu_w_0[13],29.608,10.441,14.433,48.399,0.228,0.315,2004.0,1432.0,1.0
mu_w_0[14],9.567,2.77,5.016,14.75,0.061,0.073,2190.0,1628.0,1.0
I_1[0],0.164,0.286,-0.368,0.727,0.007,0.007,1575.0,1315.0,1.0
I_1[1],0.425,0.305,-0.096,1.033,0.008,0.007,1554.0,1317.0,1.0
I_1[2],0.453,0.307,-0.076,1.06,0.008,0.007,1550.0,1375.0,1.0
I_1[3],0.459,0.307,-0.066,1.071,0.008,0.007,1549.0,1375.0,1.0
I_1[4],0.537,0.314,-0.023,1.122,0.008,0.007,1546.0,1300.0,1.0
I_1[5],0.54,0.315,-0.026,1.12,0.008,0.007,1552.0,1319.0,1.0
I_1[6],0.47,0.314,-0.091,1.063,0.008,0.007,1603.0,1299.0,1.0
I_1[7],0.281,0.31,-0.276,0.882,0.008,0.007,1672.0,1459.0,1.0
I_1[8],0.155,0.301,-0.412,0.717,0.007,0.007,1671.0,1481.0,1.0
I_1[9],0.109,0.295,-0.442,0.667,0.007,0.007,1672.0,1436.0,1.0
I_1[10],0.051,0.285,-0.503,0.572,0.007,0.007,1661.0,1414.0,1.0
I_1[11],0.05,0.285,-0.503,0.578,0.007,0.007,1663.0,1436.0,1.0
I_1[12],0.052,0.287,-0.499,0.589,0.007,0.007,1690.0,1354.0,1.0
I_1[13],0.131,0.319,-0.437,0.757,0.008,0.008,1800.0,1335.0,1.0
I_1[14],0.212,0.35,-0.4,0.901,0.008,0.009,1836.0,1263.0,1.0
I_1[15],0.222,0.354,-0.382,0.929,0.008,0.009,1838.0,1236.0,1.0
I_1[16],0.245,0.362,-0.384,0.965,0.009,0.009,1843.0,1287.0,1.0
I_1[17],0.364,0.402,-0.407,1.101,0.009,0.009,1850.0,1464.0,1.0
I_1[18],0.588,0.452,-0.219,1.449,0.011,0.01,1817.0,1600.0,1.0
I_1[19],0.605,0.453,-0.201,1.471,0.011,0.01,1810.0,1572.0,1.0
I_1[20],0.691,0.455,-0.063,1.601,0.011,0.01,1778.0,1583.0,1.0
I_1[21],0.666,0.341,0.085,1.326,0.009,0.008,1535.0,1438.0,1.0
I_1[22],0.644,0.334,0.092,1.306,0.008,0.008,1513.0,1483.0,1.0
I_1[23],0.593,0.322,0.027,1.195,0.008,0.007,1480.0,1414.0,1.0
I_1[24],0.586,0.321,0.02,1.187,0.008,0.007,1478.0,1393.0,1.0
I_1[25],0.562,0.318,-0.004,1.157,0.008,0.007,1470.0,1335.0,1.0
I_1[26],0.518,0.314,-0.04,1.109,0.008,0.007,1466.0,1414.0,1.0
I_1[27],0.506,0.314,-0.055,1.093,0.008,0.007,1466.0,1458.0,1.0
I_1[28],0.164,0.358,-0.482,0.887,0.009,0.008,1543.0,1633.0,1.0
I_1[29],0.104,0.37,-0.595,0.824,0.009,0.008,1534.0,1663.0,1.0
I_1[30],0.071,0.376,-0.634,0.811,0.01,0.008,1527.0,1634.0,1.0
I_1[31],0.059,0.371,-0.643,0.779,0.01,0.008,1510.0,1641.0,1.0
I_1[32],0.093,0.362,-0.605,0.787,0.009,0.008,1535.0,1613.0,1.0
I_1[33],0.267,0.338,-0.366,0.922,0.009,0.008,1479.0,1592.0,1.0
I_1[34],0.72,0.343,0.128,1.376,0.009,0.008,1388.0,1429.0,1.0
I_1[35],1.049,0.386,0.382,1.757,0.01,0.008,1329.0,1527.0,1.0
I_1[36],1.061,0.387,0.406,1.793,0.01,0.008,1327.0,1527.0,1.0
I_1[37],1.062,0.388,0.406,1.793,0.01,0.008,1328.0,1527.0,1.0
I_1[38],1.252,0.419,0.534,2.03,0.011,0.009,1309.0,1530.0,1.0
I_1[39],1.293,0.426,0.554,2.074,0.012,0.009,1304.0,1530.0,1.0
I_1[40],1.296,0.427,0.556,2.077,0.012,0.009,1303.0,1530.0,1.0
I_1[41],1.345,0.436,0.6,2.152,0.012,0.009,1298.0,1556.0,1.0
I_1[42],1.488,0.462,0.713,2.368,0.013,0.009,1271.0,1582.0,1.0
I_1[43],1.561,0.475,0.744,2.45,0.013,0.01,1264.0,1664.0,1.0
I_1[44],1.699,0.502,0.915,2.725,0.014,0.01,1228.0,1621.0,1.0
I_1[45],1.72,0.506,0.927,2.743,0.014,0.01,1215.0,1567.0,1.0
I_1[46],1.709,0.505,0.918,2.723,0.014,0.01,1199.0,1638.0,1.0
I_1[47],1.695,0.503,0.884,2.681,0.014,0.01,1194.0,1639.0,1.0
I_1[48],1.695,0.503,0.884,2.68,0.014,0.01,1194.0,1639.0,1.0
I_1[49],1.615,0.488,0.807,2.564,0.014,0.01,1192.0,1707.0,1.0
I_1[50],1.388,0.447,0.639,2.238,0.013,0.009,1219.0,1705.0,1.0
I_1[51],1.369,0.443,0.608,2.195,0.013,0.009,1222.0,1714.0,1.0
I_1[52],1.313,0.433,0.568,2.112,0.012,0.009,1233.0,1714.0,1.0
I_1[53],1.312,0.432,0.567,2.11,0.012,0.009,1233.0,1714.0,1.0
I_1[54],1.247,0.42,0.529,2.03,0.012,0.008,1248.0,1636.0,1.0
I_1[55],1.17,0.406,0.48,1.927,0.011,0.008,1272.0,1637.0,1.0
I_1[56],1.041,0.383,0.381,1.734,0.01,0.008,1317.0,1609.0,1.0
I_1[57],0.747,0.338,0.171,1.394,0.009,0.007,1446.0,1508.0,1.0
I_1[58],0.523,0.317,-0.025,1.147,0.008,0.007,1517.0,1319.0,1.0
I_1[59],0.27,0.309,-0.299,0.869,0.008,0.008,1614.0,1333.0,1.0
I_1[60],0.081,0.313,-0.511,0.676,0.008,0.008,1688.0,1373.0,1.0
I_1[61],0.006,0.312,-0.593,0.603,0.008,0.008,1704.0,1334.0,1.0
I_1[62],-0.002,0.312,-0.607,0.588,0.008,0.008,1706.0,1334.0,1.0
I_1[63],-0.13,0.293,-0.682,0.447,0.007,0.008,1706.0,1426.0,1.0
I_1[64],-0.152,0.285,-0.651,0.45,0.007,0.008,1719.0,1346.0,1.0
I_1[65],-0.153,0.285,-0.648,0.451,0.007,0.008,1723.0,1469.0,1.0
I_1[66],-0.158,0.284,-0.668,0.42,0.007,0.007,1745.0,1514.0,1.0
I_1[67],-0.108,0.381,-0.763,0.662,0.008,0.009,2122.0,1691.0,1.0
I_1[68],-0.087,0.418,-0.807,0.752,0.009,0.01,2190.0,1721.0,1.0
I_1[69],-0.071,0.446,-0.892,0.762,0.009,0.011,2233.0,1660.0,1.0
I_1[70],-0.048,0.492,-0.949,0.864,0.01,0.012,2389.0,1605.0,1.0
I_1[71],-0.051,0.493,-0.92,0.897,0.01,0.012,2411.0,1660.0,1.0
I_1[72],-0.054,0.492,-0.921,0.888,0.01,0.012,2418.0,1660.0,1.0
I_1[73],-0.055,0.491,-0.924,0.885,0.01,0.012,2418.0,1660.0,1.0
I_1[74],-0.068,0.484,-0.968,0.828,0.01,0.012,2441.0,1629.0,1.0
I_1[75],-0.077,0.478,-0.972,0.805,0.01,0.012,2447.0,1596.0,1.0
I_1[76],-0.081,0.475,-0.977,0.792,0.01,0.012,2449.0,1570.0,1.0
I_1[77],-0.1,0.462,-0.983,0.74,0.01,0.011,2439.0,1569.0,1.0
I_1[78],-0.161,0.426,-0.977,0.621,0.009,0.01,2348.0,1572.0,1.0
I_1[79],-0.186,0.412,-0.997,0.551,0.009,0.01,2298.0,1571.0,1.0
I_1[80],-0.196,0.407,-0.999,0.529,0.009,0.01,2277.0,1509.0,1.0
I_1[81],-0.289,0.365,-0.939,0.436,0.008,0.009,2105.0,1656.0,1.0
I_1[82],-0.307,0.359,-0.954,0.391,0.008,0.008,2060.0,1656.0,1.0
I_1[83],-0.469,0.323,-1.109,0.109,0.008,0.008,1754.0,1561.0,1.0
I_1[84],-0.536,0.319,-1.153,0.048,0.008,0.008,1636.0,1508.0,1.0
I_1[85],-0.577,0.319,-1.212,-0.031,0.008,0.008,1581.0,1435.0,1.0
I_1[86],-0.613,0.32,-1.247,-0.072,0.008,0.008,1547.0,1415.0,1.0
I_1[87],-0.631,0.322,-1.25,-0.058,0.009,0.009,1523.0,1350.0,1.0
I_1[88],-0.632,0.322,-1.247,-0.055,0.009,0.009,1520.0,1333.0,1.0
I_1[89],-0.626,0.321,-1.231,-0.045,0.009,0.009,1508.0,1316.0,1.0
I_1[90],-0.626,0.321,-1.23,-0.045,0.009,0.009,1508.0,1316.0,1.0
I_1[91],-0.559,0.312,-1.183,-0.012,0.008,0.008,1532.0,1286.0,1.0
I_1[92],-0.524,0.309,-1.156,-0.004,0.008,0.008,1549.0,1288.0,1.0
I_1[93],-0.511,0.307,-1.134,0.014,0.008,0.008,1555.0,1306.0,1.0
I_1[94],-0.486,0.305,-1.09,0.059,0.008,0.008,1573.0,1324.0,1.0
I_1[95],-0.277,0.289,-0.82,0.283,0.007,0.008,1694.0,1424.0,1.0
I_1[96],-0.201,0.286,-0.742,0.345,0.007,0.008,1698.0,1427.0,1.0
I_1[97],-0.065,0.283,-0.59,0.489,0.007,0.008,1695.0,1385.0,1.0
I_1[98],0.009,0.283,-0.518,0.566,0.007,0.007,1678.0,1347.0,1.0
I_1[99],0.041,0.283,-0.504,0.575,0.007,0.007,1669.0,1328.0,1.0
I_1[100],0.053,0.284,-0.478,0.604,0.007,0.007,1665.0,1328.0,1.0
I_1[101],0.074,0.284,-0.463,0.625,0.007,0.007,1658.0,1328.0,1.0
I_1[102],0.101,0.286,-0.409,0.683,0.007,0.007,1647.0,1294.0,1.0
I_1[103],0.101,0.286,-0.409,0.684,0.007,0.007,1647.0,1294.0,1.0
I_1[104],0.098,0.287,-0.424,0.667,0.007,0.007,1647.0,1260.0,1.0
I_1[105],0.095,0.287,-0.451,0.643,0.007,0.007,1646.0,1260.0,1.0
I_1[106],-0.097,0.286,-0.661,0.411,0.007,0.008,1715.0,1272.0,1.0
I_1[107],-0.167,0.287,-0.734,0.346,0.007,0.008,1729.0,1239.0,1.0
I_1[108],-0.254,0.29,-0.807,0.286,0.007,0.008,1741.0,1319.0,1.0
I_1[109],-0.344,0.296,-0.942,0.164,0.007,0.008,1742.0,1401.0,1.0
I_1[110],-0.965,0.448,-1.888,-0.238,0.012,0.011,1475.0,1415.0,1.0
I_1[111],-1.161,0.566,-2.271,-0.203,0.015,0.013,1481.0,1421.0,1.0
I_1[112],-1.119,0.545,-2.207,-0.196,0.014,0.013,1439.0,1359.0,1.0
I_1[113],-1.095,0.525,-2.154,-0.212,0.014,0.013,1420.0,1379.0,1.0
I_1[114],-1.09,0.521,-2.153,-0.229,0.014,0.013,1417.0,1378.0,1.0
I_1[115],-1.087,0.519,-2.148,-0.228,0.014,0.013,1415.0,1378.0,1.0
I_1[116],-1.03,0.463,-2.01,-0.294,0.013,0.012,1319.0,1338.0,1.0
I_1[117],-0.972,0.404,-1.76,-0.269,0.012,0.01,1242.0,1562.0,1.0
I_1[118],-0.92,0.363,-1.658,-0.318,0.01,0.009,1292.0,1382.0,1.0
I_1[119],-0.913,0.36,-1.62,-0.287,0.01,0.009,1315.0,1362.0,1.0
I_1[120],-0.903,0.357,-1.584,-0.264,0.01,0.009,1355.0,1360.0,1.0
I_1[121],-0.879,0.365,-1.606,-0.253,0.01,0.009,1537.0,1394.0,1.0
I_1[122],-0.842,0.456,-1.751,-0.051,0.01,0.012,2156.0,1416.0,1.0
mu_w_1[0],5.281,1.935,2.29,8.677,0.047,0.065,1972.0,1545.0,1.0
mu_w_1[1],4.996,2.17,1.818,8.785,0.049,0.072,2069.0,1696.0,1.0
mu_w_1[2],5.433,2.081,2.13,9.0,0.052,0.07,1843.0,1640.0,1.0
mu_w_1[3],14.851,6.975,4.519,26.551,0.159,0.262,2131.0,1548.0,1.0
mu_w_1[4],14.919,6.955,4.051,26.717,0.161,0.244,2061.0,1485.0,1.0
mu_w_1[5],3.182,1.211,1.359,5.408,0.028,0.042,2341.0,1359.0,1.0
mu_w_1[6],3.263,1.937,0.691,6.485,0.043,0.07,2365.0,1603.0,1.0
mu_w_1[7],1.934,0.826,0.717,3.446,0.017,0.027,2521.0,1474.0,1.0
mu_w_1[8],3.372,1.259,1.513,5.717,0.028,0.042,2359.0,1592.0,1.0
mu_w_1[9],1.141,0.754,0.142,2.533,0.016,0.024,2493.0,1712.0,1.0
mu_w_1[10],1.287,0.629,0.382,2.448,0.013,0.02,2592.0,1724.0,1.0
I_2[0],0.541,0.371,-0.106,1.29,0.009,0.008,1764.0,1438.0,1.0
I_2[1],0.454,0.371,-0.182,1.238,0.009,0.009,1750.0,1419.0,1.0
I_2[2],0.325,0.389,-0.368,1.116,0.009,0.009,1788.0,1348.0,1.0
I_2[3],0.334,0.385,-0.36,1.107,0.009,0.009,1783.0,1351.0,1.0
I_2[4],0.347,0.382,-0.334,1.126,0.009,0.009,1778.0,1352.0,1.0
I_2[5],0.392,0.37,-0.259,1.159,0.009,0.009,1767.0,1247.0,1.0
I_2[6],0.402,0.368,-0.261,1.148,0.009,0.009,1764.0,1249.0,1.0
I_2[7],0.413,0.364,-0.225,1.163,0.009,0.009,1763.0,1319.0,1.0
I_2[8],0.417,0.361,-0.239,1.141,0.009,0.009,1765.0,1420.0,1.0
I_2[9],0.407,0.359,-0.258,1.114,0.009,0.009,1768.0,1476.0,1.0
I_2[10],0.223,0.354,-0.441,0.907,0.009,0.009,1766.0,1444.0,1.0
I_2[11],0.115,0.354,-0.551,0.822,0.009,0.009,1753.0,1465.0,1.0
I_2[12],0.112,0.354,-0.563,0.818,0.009,0.009,1755.0,1488.0,1.0
I_2[13],0.113,0.354,-0.562,0.818,0.009,0.009,1754.0,1488.0,1.0
I_2[14],0.14,0.355,-0.524,0.855,0.009,0.009,1755.0,1356.0,1.0
I_2[15],0.194,0.355,-0.466,0.909,0.009,0.009,1756.0,1354.0,1.0
I_2[16],0.386,0.363,-0.261,1.157,0.009,0.009,1754.0,1390.0,1.0
I_2[17],0.641,0.382,-0.066,1.403,0.009,0.009,1729.0,1410.0,1.0
I_2[18],0.787,0.398,0.08,1.596,0.01,0.009,1711.0,1496.0,1.0
I_2[19],0.837,0.404,0.12,1.657,0.01,0.009,1703.0,1480.0,1.0
I_2[20],0.851,0.406,0.131,1.678,0.01,0.009,1702.0,1480.0,1.0
I_2[21],0.976,0.423,0.251,1.852,0.01,0.009,1680.0,1302.0,1.0
I_2[22],1.001,0.427,0.256,1.864,0.011,0.009,1667.0,1338.0,1.0
I_2[23],1.018,0.43,0.257,1.878,0.011,0.009,1655.0,1377.0,1.0
I_2[24],1.015,0.43,0.283,1.906,0.011,0.009,1652.0,1377.0,1.0
I_2[25],1.013,0.43,0.277,1.898,0.011,0.009,1651.0,1338.0,1.0
I_2[26],0.948,0.423,0.199,1.802,0.011,0.009,1663.0,1402.0,1.0
I_2[27],0.853,0.411,0.119,1.687,0.01,0.009,1669.0,1383.0,1.0
I_2[28],0.304,0.359,-0.333,1.044,0.009,0.009,1753.0,1454.0,1.0
I_2[29],0.251,0.356,-0.404,0.972,0.009,0.009,1759.0,1401.0,1.0
I_2[30],0.249,0.356,-0.406,0.969,0.009,0.009,1759.0,1449.0,1.0
I_2[31],0.097,0.352,-0.591,0.775,0.009,0.009,1770.0,1415.0,1.0
I_2[32],-0.237,0.355,-0.966,0.424,0.009,0.009,1761.0,1563.0,1.0
I_2[33],-0.292,0.357,-0.97,0.426,0.009,0.009,1727.0,1590.0,1.0
I_2[34],-0.42,0.365,-1.104,0.314,0.009,0.009,1677.0,1562.0,1.0
I_2[35],-0.651,0.384,-1.408,0.051,0.01,0.009,1602.0,1583.0,1.0
I_2[36],-0.836,0.404,-1.614,-0.09,0.01,0.009,1513.0,1621.0,1.0
I_2[37],-1.058,0.434,-1.901,-0.282,0.011,0.009,1419.0,1266.0,1.0
I_2[38],-1.071,0.436,-1.915,-0.291,0.011,0.009,1413.0,1294.0,1.0
I_2[39],-1.222,0.458,-2.115,-0.444,0.012,0.01,1358.0,1247.0,1.0
I_2[40],-1.194,0.454,-2.098,-0.441,0.012,0.01,1365.0,1247.0,1.0
I_2[41],-0.668,0.384,-1.423,0.035,0.01,0.009,1561.0,1560.0,1.0
I_2[42],-0.57,0.375,-1.311,0.123,0.009,0.009,1610.0,1540.0,1.0
I_2[43],-0.505,0.369,-1.207,0.216,0.009,0.009,1630.0,1534.0,1.0
I_2[44],0.014,0.35,-0.622,0.749,0.008,0.008,1748.0,1345.0,1.0
I_2[45],0.108,0.351,-0.552,0.829,0.009,0.009,1750.0,1307.0,1.0
I_2[46],0.23,0.355,-0.452,0.915,0.009,0.009,1750.0,1317.0,1.0
I_2[47],0.34,0.36,-0.318,1.059,0.009,0.009,1746.0,1421.0,1.0
I_2[48],0.402,0.364,-0.282,1.11,0.009,0.009,1740.0,1421.0,1.0
I_2[49],0.554,0.376,-0.145,1.289,0.009,0.009,1725.0,1182.0,1.0
I_2[50],0.704,0.39,-0.008,1.477,0.01,0.009,1707.0,1207.0,1.0
I_2[51],0.814,0.403,0.072,1.604,0.01,0.009,1694.0,1389.0,1.0
I_2[52],0.901,0.413,0.179,1.744,0.01,0.009,1684.0,1389.0,1.0
I_2[53],0.964,0.421,0.214,1.801,0.01,0.009,1665.0,1363.0,1.0
I_2[54],0.993,0.424,0.25,1.855,0.011,0.009,1655.0,1403.0,1.0
I_2[55],0.975,0.421,0.242,1.833,0.01,0.009,1656.0,1369.0,1.0
I_2[56],0.677,0.389,0.023,1.487,0.01,0.009,1713.0,1397.0,1.0
I_2[57],0.617,0.385,-0.024,1.428,0.009,0.009,1722.0,1397.0,1.0
I_2[58],0.533,0.383,-0.142,1.304,0.009,0.009,1736.0,1393.0,1.0
I_2[59],0.291,0.404,-0.455,1.072,0.01,0.009,1780.0,1431.0,1.0
I_2[60],0.203,0.435,-0.596,1.044,0.01,0.009,1767.0,1539.0,1.0
I_2[61],0.203,0.435,-0.596,1.044,0.01,0.009,1767.0,1539.0,1.0
I_2[62],0.202,0.435,-0.605,1.041,0.01,0.009,1767.0,1539.0,1.0
I_2[63],0.2,0.436,-0.608,1.042,0.01,0.009,1769.0,1490.0,1.0
I_2[64],0.379,0.419,-0.354,1.234,0.01,0.009,1794.0,1411.0,1.0
I_2[65],0.415,0.406,-0.334,1.203,0.01,0.009,1773.0,1375.0,1.0
I_2[66],0.515,0.376,-0.115,1.324,0.009,0.009,1733.0,1306.0,1.0
I_2[67],0.533,0.374,-0.116,1.319,0.009,0.009,1740.0,1322.0,1.0
I_2[68],0.564,0.375,-0.061,1.383,0.009,0.009,1777.0,1283.0,1.0
I_2[69],0.591,0.384,-0.103,1.387,0.009,0.009,1843.0,1327.0,1.0
I_2[70],0.633,0.468,-0.177,1.589,0.01,0.009,2160.0,1473.0,1.0
I_2[71],0.322,0.598,-0.793,1.488,0.013,0.013,2104.0,1415.0,1.0
I_2[72],0.32,0.598,-0.796,1.486,0.013,0.013,2103.0,1415.0,1.0
I_2[73],0.233,0.591,-0.885,1.374,0.013,0.013,2080.0,1371.0,1.0
I_2[74],-0.365,0.483,-1.372,0.485,0.011,0.011,1908.0,1473.0,1.0
I_2[75],-0.386,0.48,-1.389,0.453,0.011,0.011,1900.0,1522.0,1.0
I_2[76],-0.55,0.455,-1.477,0.248,0.011,0.011,1817.0,1480.0,1.0
I_2[77],-0.563,0.454,-1.49,0.23,0.011,0.011,1810.0,1480.0,1.0
I_2[78],-1.024,0.44,-1.924,-0.254,0.011,0.011,1525.0,1534.0,1.0
I_2[79],-1.056,0.442,-1.946,-0.277,0.011,0.011,1502.0,1442.0,1.0
I_2[80],-1.277,0.464,-2.175,-0.46,0.012,0.011,1385.0,1156.0,1.0
I_2[81],-1.277,0.464,-2.175,-0.46,0.012,0.011,1385.0,1156.0,1.0
I_2[82],-1.288,0.465,-2.176,-0.457,0.012,0.011,1383.0,1129.0,1.0
I_2[83],-1.296,0.466,-2.199,-0.476,0.012,0.011,1381.0,1120.0,1.0
I_2[84],-1.414,0.482,-2.329,-0.561,0.013,0.011,1358.0,1251.0,1.0
I_2[85],-1.416,0.483,-2.33,-0.564,0.013,0.011,1358.0,1288.0,1.0
I_2[86],-1.519,0.501,-2.477,-0.619,0.013,0.011,1378.0,1606.0,1.0
I_2[87],-1.531,0.506,-2.491,-0.615,0.013,0.011,1391.0,1599.0,1.0
I_2[88],-1.54,0.524,-2.56,-0.602,0.014,0.012,1477.0,1600.0,1.0
I_2[89],-1.536,0.529,-2.584,-0.605,0.014,0.012,1499.0,1629.0,1.0
I_2[90],-1.428,0.602,-2.589,-0.314,0.015,0.013,1758.0,1483.0,1.0
mu_w_2[0],11.237,3.941,5.355,18.183,0.091,0.19,2009.0,1300.0,1.0
mu_w_2[1],8.375,2.827,3.899,13.193,0.065,0.142,2004.0,1372.0,1.0
mu_w_2[2],19.316,7.85,8.072,33.388,0.171,0.376,2234.0,1530.0,1.0
mu_w_2[3],6.523,2.196,3.319,10.494,0.051,0.102,2052.0,1506.0,1.0
mu_w_2[4],2.945,1.204,1.117,5.078,0.027,0.04,2391.0,1743.0,1.0
mu_w_2[5],14.783,5.545,6.451,24.242,0.124,0.298,2109.0,1461.0,1.0
mu_w_2[6],10.184,3.975,4.406,17.786,0.09,0.131,2101.0,1501.0,1.0
mu_w_2[7],10.508,5.717,3.642,20.308,0.127,0.301,2244.0,1811.0,1.0
mu_w_2[8],1.8,0.916,0.543,3.502,0.02,0.029,2303.0,1737.0,1.0
I_3[0],0.133,0.309,-0.489,0.68,0.007,0.008,1992.0,1486.0,1.0
I_3[1],0.077,0.306,-0.456,0.693,0.007,0.008,1994.0,1463.0,1.0
I_3[2],0.007,0.305,-0.558,0.577,0.007,0.008,1998.0,1430.0,1.0
I_3[3],-0.277,0.316,-0.865,0.288,0.007,0.008,1968.0,1562.0,1.0
I_3[4],-0.441,0.332,-1.072,0.146,0.008,0.009,1940.0,1453.0,1.0
I_3[5],-0.85,0.394,-1.59,-0.172,0.009,0.009,1883.0,1734.0,1.0
I_3[6],-1.226,0.468,-2.106,-0.388,0.011,0.01,1790.0,1685.0,1.0
I_3[7],-1.403,0.499,-2.395,-0.572,0.012,0.01,1814.0,1716.0,1.0
I_3[8],-1.445,0.498,-2.403,-0.594,0.012,0.011,1793.0,1721.0,1.0
I_3[9],-1.439,0.495,-2.392,-0.598,0.012,0.011,1792.0,1746.0,1.0
I_3[10],-1.324,0.462,-2.203,-0.559,0.011,0.011,1818.0,1588.0,1.0
I_3[11],-1.232,0.44,-2.071,-0.508,0.011,0.01,1832.0,1597.0,1.0
I_3[12],-1.164,0.426,-1.965,-0.461,0.01,0.01,1788.0,1574.0,1.0
I_3[13],-1.151,0.423,-1.948,-0.453,0.01,0.01,1791.0,1574.0,1.0
I_3[14],-0.81,0.365,-1.449,-0.148,0.008,0.01,1890.0,1348.0,1.0
I_3[15],-0.581,0.336,-1.225,-0.017,0.008,0.009,1961.0,1265.0,1.0
I_3[16],-0.55,0.333,-1.184,0.015,0.008,0.009,1971.0,1303.0,1.0
I_3[17],-0.405,0.321,-1.03,0.15,0.007,0.009,2010.0,1274.0,1.0
I_3[18],-0.277,0.313,-0.893,0.263,0.007,0.009,2025.0,1330.0,1.0
I_3[19],-0.114,0.308,-0.696,0.455,0.007,0.008,2019.0,1389.0,1.0
I_3[20],-0.091,0.307,-0.683,0.47,0.007,0.008,2016.0,1464.0,1.0
I_3[21],0.025,0.307,-0.523,0.632,0.007,0.008,1989.0,1554.0,1.0
I_3[22],0.099,0.308,-0.44,0.725,0.007,0.008,1960.0,1560.0,1.0
I_3[23],0.209,0.311,-0.313,0.854,0.007,0.008,1869.0,1511.0,1.0
I_3[24],0.458,0.323,-0.088,1.121,0.008,0.008,1671.0,1514.0,1.0
I_3[25],0.509,0.326,-0.07,1.139,0.008,0.008,1636.0,1514.0,1.0
I_3[26],0.523,0.326,-0.047,1.162,0.008,0.008,1623.0,1488.0,1.0
I_3[27],0.498,0.322,-0.046,1.136,0.008,0.008,1626.0,1432.0,1.0
I_3[28],0.424,0.316,-0.117,1.043,0.008,0.008,1662.0,1525.0,1.0
I_3[29],0.37,0.312,-0.185,0.962,0.007,0.008,1691.0,1528.0,1.0
I_3[30],0.282,0.307,-0.255,0.881,0.007,0.008,1806.0,1534.0,1.0
I_3[31],0.262,0.306,-0.279,0.857,0.007,0.008,1830.0,1486.0,1.0
I_3[32],0.245,0.306,-0.302,0.836,0.007,0.008,1861.0,1458.0,1.0
I_3[33],0.197,0.304,-0.353,0.783,0.007,0.008,1937.0,1482.0,1.0
I_3[34],0.104,0.302,-0.449,0.687,0.007,0.008,1943.0,1483.0,1.0
I_3[35],-0.166,0.306,-0.805,0.336,0.007,0.009,2010.0,1577.0,1.0
I_3[36],-0.203,0.308,-0.842,0.3,0.007,0.009,2013.0,1531.0,1.0
I_3[37],-0.287,0.312,-0.929,0.223,0.007,0.009,2011.0,1631.0,1.0
I_3[38],-0.356,0.317,-1.004,0.154,0.007,0.009,2002.0,1637.0,1.0
I_3[39],-0.399,0.32,-1.031,0.138,0.007,0.009,1995.0,1472.0,1.0
I_3[40],-0.697,0.351,-1.345,-0.064,0.008,0.01,1914.0,1511.0,1.0
I_3[41],-0.724,0.354,-1.386,-0.094,0.008,0.01,1902.0,1511.0,1.0
I_3[42],-0.751,0.358,-1.392,-0.081,0.008,0.01,1890.0,1504.0,1.0
I_3[43],-0.751,0.358,-1.393,-0.081,0.008,0.01,1890.0,1504.0,1.0
I_3[44],-0.25,0.317,-0.875,0.311,0.007,0.009,1987.0,1533.0,1.0
I_3[45],-0.215,0.315,-0.84,0.345,0.007,0.009,1980.0,1556.0,1.0
I_3[46],0.056,0.305,-0.479,0.673,0.007,0.008,1851.0,1438.0,1.0
I_3[47],0.092,0.304,-0.432,0.719,0.007,0.008,1847.0,1435.0,1.0
I_3[48],0.102,0.304,-0.454,0.696,0.007,0.008,1854.0,1480.0,1.0
I_3[49],0.114,0.304,-0.447,0.699,0.007,0.008,1860.0,1481.0,1.0
I_3[50],0.086,0.303,-0.472,0.66,0.007,0.008,1955.0,1482.0,1.0
I_3[51],0.083,0.303,-0.484,0.647,0.007,0.008,1958.0,1482.0,1.0
I_3[52],0.015,0.303,-0.554,0.575,0.007,0.008,1992.0,1532.0,1.0
I_3[53],-0.094,0.305,-0.675,0.451,0.007,0.009,2027.0,1554.0,1.0
I_3[54],-0.663,0.346,-1.284,-0.057,0.008,0.01,1967.0,1562.0,1.0
I_3[55],-0.847,0.369,-1.512,-0.206,0.009,0.01,1894.0,1489.0,1.0
I_3[56],-0.984,0.387,-1.692,-0.331,0.009,0.01,1849.0,1561.0,1.0
I_3[57],-1.174,0.416,-1.934,-0.45,0.01,0.011,1783.0,1392.0,1.0
I_3[58],-1.256,0.428,-2.019,-0.477,0.01,0.011,1815.0,1454.0,1.0
I_3[59],-1.226,0.423,-1.978,-0.465,0.01,0.011,1751.0,1585.0,1.0
I_3[60],-1.222,0.422,-1.973,-0.46,0.01,0.011,1752.0,1585.0,1.0
I_3[61],-0.761,0.355,-1.405,-0.116,0.008,0.01,1875.0,1487.0,1.0
I_3[62],-0.542,0.332,-1.178,0.04,0.008,0.009,1948.0,1375.0,1.0
I_3[63],-0.233,0.312,-0.818,0.338,0.007,0.009,2019.0,1349.0,1.0
I_3[64],0.276,0.317,-0.276,0.876,0.007,0.008,1928.0,1587.0,1.0
I_3[65],0.827,0.368,0.177,1.49,0.009,0.009,1500.0,1627.0,1.0
I_3[66],0.994,0.389,0.354,1.745,0.01,0.009,1433.0,1701.0,1.0
I_3[67],1.214,0.42,0.506,2.019,0.011,0.01,1356.0,1628.0,1.0
I_3[68],1.403,0.448,0.662,2.32,0.012,0.01,1296.0,1483.0,1.0
I_3[69],1.544,0.495,0.714,2.496,0.014,0.011,1335.0,1539.0,1.0
I_3[70],1.548,0.497,0.716,2.506,0.014,0.011,1342.0,1567.0,1.0
I_3[71],1.549,0.498,0.716,2.508,0.014,0.011,1345.0,1567.0,1.0
I_3[72],1.556,0.502,0.7,2.516,0.014,0.011,1352.0,1487.0,1.0
I_3[73],1.563,0.505,0.717,2.551,0.014,0.012,1355.0,1465.0,1.0
I_3[74],1.563,0.505,0.717,2.551,0.014,0.012,1355.0,1465.0,1.0
I_3[75],1.501,0.477,0.674,2.411,0.013,0.011,1322.0,1705.0,1.0
I_3[76],1.367,0.441,0.621,2.253,0.012,0.01,1343.0,1680.0,1.0
I_3[77],1.285,0.426,0.569,2.145,0.011,0.01,1389.0,1615.0,1.0
I_3[78],1.211,0.415,0.476,2.017,0.011,0.009,1416.0,1574.0,1.0
I_3[79],1.073,0.401,0.413,1.891,0.01,0.009,1501.0,1685.0,1.0
I_3[80],0.548,0.389,-0.191,1.218,0.009,0.009,2001.0,1635.0,1.0
I_3[81],-0.317,0.397,-1.079,0.373,0.008,0.01,2401.0,1695.0,1.0
I_3[82],-0.325,0.397,-1.089,0.366,0.008,0.01,2400.0,1684.0,1.0
I_3[83],-0.447,0.394,-1.172,0.275,0.008,0.01,2348.0,1595.0,1.0
I_3[84],-0.494,0.392,-1.265,0.168,0.008,0.01,2320.0,1546.0,1.0
I_3[85],-0.87,0.374,-1.57,-0.229,0.009,0.01,1892.0,1550.0,1.0
I_3[86],-0.873,0.374,-1.587,-0.246,0.009,0.01,1887.0,1550.0,1.0
I_3[87],-0.88,0.375,-1.586,-0.246,0.009,0.01,1874.0,1430.0,1.0
I_3[88],-0.9,0.376,-1.586,-0.219,0.009,0.01,1838.0,1489.0,1.0
I_3[89],-0.925,0.385,-1.687,-0.255,0.009,0.009,1865.0,1353.0,1.0
I_3[90],-0.82,0.465,-1.748,0.013,0.011,0.01,1827.0,1384.0,1.0
I_3[91],-0.041,0.726,-1.287,1.469,0.015,0.018,2383.0,1298.0,1.0
I_3[92],0.137,0.75,-1.216,1.626,0.015,0.019,2505.0,1281.0,1.0
I_3[93],0.404,0.674,-0.794,1.743,0.013,0.017,2810.0,1612.0,1.0
I_3[94],0.388,0.583,-0.696,1.478,0.011,0.015,2867.0,1512.0,1.0
I_3[95],0.292,0.422,-0.569,1.04,0.009,0.01,2430.0,1526.0,1.0
I_3[96],0.272,0.387,-0.531,0.974,0.008,0.009,2275.0,1547.0,1.0
I_3[97],0.259,0.345,-0.418,0.905,0.008,0.009,2030.0,1545.0,1.0
I_3[98],0.259,0.341,-0.428,0.884,0.008,0.008,2008.0,1569.0,1.0
I_3[99],0.331,0.321,-0.235,0.949,0.008,0.008,1796.0,1527.0,1.0
I_3[100],0.364,0.322,-0.214,0.968,0.008,0.008,1750.0,1526.0,1.0
I_3[101],0.448,0.328,-0.143,1.056,0.008,0.008,1672.0,1602.0,1.0
I_3[102],0.463,0.329,-0.126,1.076,0.008,0.008,1663.0,1603.0,1.0
I_3[103],0.661,0.341,0.062,1.309,0.009,0.009,1519.0,1514.0,1.0
I_3[104],0.695,0.344,0.093,1.348,0.009,0.009,1504.0,1457.0,1.0
I_3[105],0.872,0.386,0.18,1.58,0.009,0.009,1603.0,1712.0,1.0
mu_w_3[0],4.882,1.581,2.385,7.728,0.037,0.092,2083.0,1450.0,1.0
mu_w_3[1],1.585,0.821,0.36,2.951,0.018,0.029,2326.0,1607.0,1.0
mu_w_3[2],6.017,1.905,2.999,9.423,0.044,0.116,2070.0,1462.0,1.0
mu_w_3[3],5.287,1.699,2.607,8.256,0.04,0.102,2029.0,1351.0,1.0
mu_w_3[4],5.978,1.908,2.831,9.282,0.045,0.116,2063.0,1462.0,1.0
mu_w_3[5],4.561,1.472,2.444,7.431,0.034,0.077,2128.0,1355.0,1.0
mu_w_3[6],2.32,0.965,0.896,4.05,0.022,0.037,2319.0,1664.0,1.0
mu_w_3[7],18.559,7.68,7.614,32.42,0.172,0.404,2406.0,1620.0,1.0
mu_w_3[8],38.8,23.454,10.293,76.463,0.523,1.516,2306.0,1629.0,1.0
mu_w_3[9],13.899,5.499,6.095,23.294,0.124,0.305,2257.0,1822.0,1.0
mu_w_3[10],2.691,1.051,1.103,4.58,0.024,0.039,2245.0,1611.0,1.0
mu_w_3[11],10.269,11.289,1.329,23.983,0.293,1.282,2620.0,1611.0,1.0
mu_w_3[12],9.162,2.991,4.645,14.619,0.07,0.121,1891.0,1404.0,1.0
mu_w_3[13],14.71,5.844,6.105,24.226,0.133,0.332,2111.0,1400.0,1.0
I_4[0],0.205,0.366,-0.501,0.868,0.008,0.009,2105.0,1608.0,1.0
I_4[1],0.191,0.366,-0.515,0.855,0.008,0.009,2108.0,1608.0,1.0
I_4[2],0.135,0.365,-0.575,0.801,0.008,0.009,2125.0,1555.0,1.0
I_4[3],0.038,0.365,-0.624,0.77,0.008,0.009,2153.0,1499.0,1.0
I_4[4],0.006,0.365,-0.76,0.647,0.008,0.009,2162.0,1495.0,1.0
I_4[5],-0.12,0.367,-0.779,0.65,0.008,0.009,2180.0,1276.0,1.0
I_4[6],-0.26,0.37,-0.934,0.508,0.008,0.009,2156.0,1306.0,1.0
I_4[7],-0.283,0.37,-0.953,0.489,0.008,0.009,2140.0,1247.0,1.0
I_4[8],-0.329,0.368,-1.126,0.303,0.008,0.009,2100.0,1272.0,1.0
I_4[9],-0.353,0.366,-1.1,0.317,0.008,0.009,2074.0,1281.0,1.0
I_4[10],-0.355,0.366,-1.102,0.311,0.008,0.009,2070.0,1281.0,1.0
I_4[11],-0.359,0.366,-1.11,0.303,0.008,0.009,2065.0,1264.0,1.0
I_4[12],-0.39,0.365,-1.14,0.266,0.008,0.009,2019.0,1251.0,1.0
I_4[13],-0.418,0.366,-1.185,0.228,0.008,0.009,1990.0,1202.0,1.0
I_4[14],-0.635,0.382,-1.408,0.051,0.009,0.009,1820.0,1339.0,1.0
I_4[15],-0.697,0.388,-1.446,0.02,0.009,0.01,1764.0,1321.0,1.0
I_4[16],-0.966,0.42,-1.775,-0.219,0.011,0.01,1559.0,1341.0,1.0
I_4[17],-1.005,0.425,-1.828,-0.255,0.011,0.01,1536.0,1360.0,1.0
I_4[18],-1.101,0.439,-1.958,-0.336,0.011,0.011,1480.0,1342.0,1.0
I_4[19],-1.116,0.441,-2.013,-0.385,0.011,0.011,1473.0,1342.0,1.0
I_4[20],-1.122,0.442,-1.982,-0.35,0.011,0.011,1471.0,1342.0,1.0
I_4[21],-1.134,0.444,-1.996,-0.36,0.012,0.011,1464.0,1342.0,1.0
I_4[22],-1.302,0.47,-2.207,-0.485,0.013,0.011,1393.0,1344.0,1.0
I_4[23],-1.455,0.495,-2.399,-0.599,0.013,0.012,1342.0,1326.0,1.0
I_4[24],-1.604,0.521,-2.59,-0.703,0.014,0.012,1298.0,1269.0,1.0
I_4[25],-1.622,0.524,-2.619,-0.718,0.014,0.012,1293.0,1303.0,1.0
I_4[26],-1.497,0.502,-2.493,-0.658,0.014,0.012,1331.0,1339.0,1.0
I_4[27],-1.253,0.461,-2.127,-0.425,0.012,0.011,1432.0,1363.0,1.0
I_4[28],-0.925,0.413,-1.744,-0.183,0.01,0.01,1629.0,1384.0,1.0
I_4[29],-0.738,0.391,-1.529,-0.05,0.009,0.01,1784.0,1321.0,1.0
I_4[30],-0.568,0.376,-1.332,0.114,0.009,0.009,1931.0,1320.0,1.0
I_4[31],-0.554,0.374,-1.327,0.115,0.009,0.009,1944.0,1300.0,1.0
I_4[32],-0.504,0.371,-1.217,0.219,0.008,0.009,1985.0,1296.0,1.0
I_4[33],-0.501,0.371,-1.213,0.221,0.008,0.009,1986.0,1296.0,1.0
I_4[34],-0.488,0.37,-1.2,0.233,0.008,0.009,1997.0,1273.0,1.0
I_4[35],-0.377,0.366,-1.132,0.283,0.008,0.009,2083.0,1377.0,1.0
I_4[36],-0.386,0.367,-1.139,0.279,0.008,0.009,2077.0,1378.0,1.0
I_4[37],-0.399,0.368,-1.139,0.279,0.008,0.009,2069.0,1374.0,1.0
I_4[38],-0.4,0.368,-1.14,0.278,0.008,0.009,2068.0,1374.0,1.0
I_4[39],-0.411,0.369,-1.144,0.271,0.008,0.009,2061.0,1395.0,1.0
I_4[40],-0.47,0.372,-1.207,0.207,0.008,0.009,2006.0,1378.0,1.0
I_4[41],-0.475,0.372,-1.214,0.202,0.008,0.009,2001.0,1378.0,1.0
I_4[42],-0.568,0.378,-1.333,0.105,0.009,0.009,1910.0,1157.0,1.0
I_4[43],-0.623,0.382,-1.401,0.047,0.009,0.01,1858.0,1150.0,1.0
I_4[44],-0.626,0.382,-1.404,0.044,0.009,0.01,1858.0,1150.0,1.0
I_4[45],-0.642,0.384,-1.423,0.03,0.009,0.01,1844.0,1210.0,1.0
I_4[46],-0.996,0.442,-1.859,-0.214,0.011,0.011,1528.0,1538.0,1.0
I_4[47],-1.004,0.509,-1.933,-0.028,0.013,0.011,1565.0,1697.0,1.0
I_4[48],-0.666,0.586,-1.751,0.482,0.014,0.011,1914.0,1673.0,1.0
I_4[49],-0.637,0.591,-1.755,0.508,0.014,0.011,1940.0,1673.0,1.0
I_4[50],-0.47,0.617,-1.631,0.711,0.014,0.012,2113.0,1801.0,1.0
I_4[51],-0.226,0.652,-1.468,1.015,0.014,0.013,2286.0,1755.0,1.0
I_4[52],0.087,0.695,-1.148,1.48,0.014,0.015,2460.0,1578.0,1.0
I_4[53],0.491,0.747,-0.881,1.945,0.015,0.017,2579.0,1691.0,1.0
I_4[54],1.393,0.841,-0.077,3.009,0.018,0.021,2443.0,1666.0,1.0
I_4[55],1.5,0.843,-0.012,3.083,0.018,0.022,2298.0,1755.0,1.0
I_4[56],1.527,0.843,0.021,3.107,0.018,0.022,2276.0,1755.0,1.0
I_4[57],1.53,0.843,0.024,3.109,0.018,0.022,2274.0,1755.0,1.0
I_4[58],1.547,0.842,0.056,3.133,0.018,0.022,2257.0,1755.0,1.0
I_4[59],1.554,0.842,0.068,3.142,0.018,0.022,2251.0,1622.0,1.0
I_4[60],1.557,0.841,0.071,3.146,0.018,0.022,2248.0,1622.0,1.0
I_4[61],1.56,0.841,0.078,3.152,0.018,0.022,2244.0,1622.0,1.0
I_4[62],1.606,0.836,0.109,3.161,0.018,0.022,2198.0,1584.0,1.0
I_4[63],1.661,0.814,0.203,3.191,0.018,0.022,2099.0,1589.0,1.0
I_4[64],1.661,0.786,0.275,3.152,0.018,0.021,2028.0,1494.0,1.0
I_4[65],1.66,0.784,0.217,3.09,0.018,0.021,2025.0,1494.0,1.0
I_4[66],1.652,0.774,0.29,3.126,0.018,0.021,2003.0,1495.0,1.0
I_4[67],1.382,0.624,0.34,2.613,0.015,0.018,1819.0,1334.0,1.0
I_4[68],1.366,0.617,0.348,2.593,0.015,0.017,1813.0,1334.0,1.0
I_4[69],1.246,0.569,0.251,2.318,0.014,0.016,1783.0,1465.0,1.0
I_4[70],1.156,0.535,0.286,2.23,0.013,0.015,1772.0,1532.0,1.0
I_4[71],1.047,0.497,0.253,2.056,0.012,0.014,1770.0,1586.0,1.0
I_4[72],0.945,0.464,0.24,1.93,0.011,0.013,1791.0,1637.0,1.0
I_4[73],0.771,0.417,0.075,1.594,0.01,0.011,1800.0,1755.0,1.0
I_4[74],0.726,0.407,0.023,1.499,0.01,0.01,1799.0,1629.0,1.0
I_4[75],0.734,0.408,0.005,1.474,0.01,0.01,1793.0,1500.0,1.0
I_4[76],0.743,0.41,0.021,1.501,0.01,0.01,1789.0,1476.0,1.0
I_4[77],0.918,0.435,0.16,1.738,0.011,0.011,1685.0,1576.0,1.0
I_4[78],0.927,0.436,0.17,1.755,0.011,0.011,1678.0,1576.0,1.0
I_4[79],0.943,0.439,0.18,1.768,0.011,0.011,1671.0,1601.0,1.0
I_4[80],0.95,0.439,0.185,1.773,0.011,0.011,1668.0,1548.0,1.0
I_4[81],0.985,0.442,0.207,1.806,0.011,0.011,1651.0,1583.0,1.0
I_4[82],0.865,0.425,0.129,1.671,0.01,0.011,1712.0,1655.0,1.0
I_4[83],0.855,0.423,0.137,1.669,0.01,0.011,1719.0,1688.0,1.0
I_4[84],0.811,0.418,0.1,1.61,0.01,0.01,1741.0,1715.0,1.0
I_4[85],0.744,0.409,0.02,1.494,0.01,0.01,1780.0,1685.0,1.0
I_4[86],0.685,0.403,-0.055,1.395,0.01,0.01,1813.0,1626.0,1.0
I_4[87],0.654,0.399,-0.067,1.372,0.009,0.01,1833.0,1626.0,1.0
I_4[88],0.629,0.396,-0.082,1.356,0.009,0.01,1848.0,1626.0,1.0
I_4[89],0.575,0.391,-0.137,1.279,0.009,0.009,1880.0,1626.0,1.0
I_4[90],0.507,0.384,-0.201,1.208,0.009,0.009,1922.0,1627.0,1.0
I_4[91],0.435,0.378,-0.276,1.12,0.009,0.009,1967.0,1611.0,1.0
I_4[92],0.306,0.369,-0.379,0.989,0.008,0.009,2053.0,1526.0,1.0
I_4[93],0.275,0.367,-0.394,0.972,0.008,0.009,2069.0,1578.0,1.0
I_4[94],0.18,0.362,-0.502,0.855,0.008,0.009,2112.0,1604.0,1.0
I_4[95],0.042,0.357,-0.662,0.704,0.008,0.009,2157.0,1553.0,1.0
I_4[96],-0.115,0.356,-0.844,0.535,0.008,0.009,2161.0,1519.0,1.0
I_4[97],-0.174,0.356,-0.921,0.466,0.008,0.009,2149.0,1484.0,1.0
I_4[98],-0.254,0.358,-1.011,0.383,0.008,0.009,2124.0,1447.0,1.0
I_4[99],-0.295,0.36,-1.038,0.36,0.008,0.009,2105.0,1418.0,1.0
I_4[100],-0.299,0.36,-1.039,0.359,0.008,0.009,2101.0,1418.0,1.0
I_4[101],-0.338,0.362,-1.088,0.311,0.008,0.009,2080.0,1417.0,1.0
I_4[102],-0.404,0.365,-1.148,0.261,0.008,0.009,2030.0,1377.0,1.0
I_4[103],-0.46,0.369,-1.227,0.192,0.008,0.009,1986.0,1381.0,1.0
I_4[104],-0.526,0.374,-1.287,0.14,0.009,0.009,1931.0,1384.0,1.0
I_4[105],-0.53,0.374,-1.292,0.135,0.009,0.009,1926.0,1384.0,1.0
I_4[106],-0.583,0.38,-1.367,0.075,0.009,0.01,1883.0,1463.0,1.0
I_4[107],-0.626,0.384,-1.438,0.021,0.009,0.01,1853.0,1408.0,1.0
I_4[108],-0.629,0.385,-1.443,0.017,0.009,0.01,1851.0,1383.0,1.0
I_4[109],-0.7,0.395,-1.456,0.026,0.009,0.01,1797.0,1226.0,1.0
I_4[110],-0.705,0.396,-1.464,0.028,0.009,0.01,1798.0,1295.0,1.0
I_4[111],-0.694,0.395,-1.46,0.037,0.009,0.01,1808.0,1332.0,1.0
I_4[112],-0.662,0.392,-1.445,0.039,0.009,0.01,1834.0,1392.0,1.0
I_4[113],-0.658,0.391,-1.411,0.07,0.009,0.01,1837.0,1413.0,1.0
I_4[114],-0.636,0.389,-1.435,0.036,0.009,0.01,1852.0,1369.0,1.0
I_4[115],-0.626,0.388,-1.403,0.063,0.009,0.01,1859.0,1388.0,1.0
I_4[116],-0.593,0.384,-1.372,0.073,0.009,0.01,1885.0,1380.0,1.0
I_4[117],-0.514,0.376,-1.268,0.147,0.009,0.009,1946.0,1359.0,1.0
I_4[118],-0.489,0.373,-1.241,0.169,0.009,0.009,1966.0,1303.0,1.0
I_4[119],-0.365,0.364,-1.083,0.306,0.008,0.009,2038.0,1359.0,1.0
I_4[120],-0.313,0.361,-1.032,0.365,0.008,0.009,2064.0,1359.0,1.0
I_4[121],-0.271,0.359,-1.0,0.4,0.008,0.009,2080.0,1302.0,1.0
I_4[122],0.412,0.386,-0.311,1.125,0.009,0.009,1933.0,1555.0,1.0
I_4[123],0.431,0.388,-0.296,1.146,0.009,0.009,1926.0,1580.0,1.0
I_4[124],0.704,0.418,0.013,1.558,0.01,0.01,1785.0,1701.0,1.0
I_4[125],0.733,0.421,-0.003,1.543,0.01,0.01,1771.0,1708.0,1.0
I_4[126],0.77,0.426,0.033,1.583,0.01,0.011,1751.0,1764.0,1.0
I_4[127],0.956,0.446,0.214,1.816,0.011,0.011,1664.0,1754.0,1.0
I_4[128],0.98,0.448,0.204,1.814,0.011,0.012,1655.0,1722.0,1.0
I_4[129],1.024,0.449,0.222,1.844,0.011,0.012,1650.0,1603.0,1.0
I_4[130],1.025,0.449,0.293,1.91,0.011,0.012,1650.0,1603.0,1.0
I_4[131],1.016,0.447,0.285,1.891,0.011,0.012,1657.0,1603.0,1.0
I_4[132],1.006,0.446,0.228,1.832,0.011,0.011,1664.0,1630.0,1.0
I_4[133],0.893,0.446,0.118,1.714,0.011,0.011,1789.0,1460.0,1.0
I_4[134],0.796,0.455,0.008,1.654,0.011,0.011,1893.0,1554.0,1.0
I_4[135],0.731,0.466,-0.126,1.571,0.011,0.011,1947.0,1602.0,1.0
mu_w_4[0],2.581,1.4,0.705,4.857,0.038,0.097,2049.0,1133.0,1.0
mu_w_4[1],0.781,0.581,0.066,1.727,0.015,0.032,1959.0,1421.0,1.0
mu_w_4[2],1.738,1.028,0.363,3.387,0.028,0.064,1981.0,1252.0,1.0
mu_w_4[3],10.525,31.743,0.958,23.455,0.724,12.815,2427.0,1749.0,1.0
mu_w_4[4],16.141,25.997,3.913,31.079,0.594,11.06,1982.0,1639.0,1.0
mu_w_4[5],9.246,5.33,2.335,17.493,0.123,0.383,2227.0,1456.0,1.0
mu_w_4[6],2.45,1.341,0.656,4.652,0.036,0.09,2077.0,1190.0,1.0
mu_w_4[7],2.748,1.465,0.708,5.093,0.039,0.102,2070.0,1190.0,1.0
mu_w_4[8],11.245,7.117,3.018,21.976,0.16,0.632,2263.0,1553.0,1.0
I_5[0],-0.759,0.378,-1.48,-0.099,0.01,0.008,1457.0,1358.0,1.0
I_5[1],-0.739,0.378,-1.48,-0.101,0.01,0.008,1471.0,1339.0,1.0
I_5[2],-0.67,0.378,-1.426,-0.031,0.01,0.008,1528.0,1419.0,1.0
I_5[3],-0.37,0.372,-1.08,0.318,0.009,0.008,1751.0,1481.0,1.0
I_5[4],-0.027,0.354,-0.699,0.648,0.008,0.008,1879.0,1529.0,1.0
I_5[5],-0.023,0.354,-0.694,0.654,0.008,0.008,1878.0,1529.0,1.0
I_5[6],0.015,0.352,-0.646,0.698,0.008,0.008,1892.0,1529.0,1.0
I_5[7],0.09,0.35,-0.608,0.725,0.008,0.008,1906.0,1439.0,1.0
I_5[8],0.184,0.347,-0.454,0.873,0.008,0.008,1922.0,1419.0,1.0
I_5[9],0.205,0.347,-0.509,0.821,0.008,0.008,1923.0,1398.0,1.0
I_5[10],0.354,0.348,-0.298,1.022,0.008,0.008,1891.0,1487.0,1.0
I_5[11],0.355,0.348,-0.306,1.013,0.008,0.008,1890.0,1487.0,1.0
I_5[12],0.392,0.35,-0.265,1.047,0.008,0.009,1865.0,1464.0,1.0
I_5[13],0.405,0.351,-0.265,1.05,0.008,0.009,1852.0,1535.0,1.0
I_5[14],0.415,0.353,-0.237,1.08,0.008,0.009,1843.0,1551.0,1.0
I_5[15],0.459,0.364,-0.226,1.134,0.009,0.009,1807.0,1529.0,1.0
I_5[16],0.458,0.364,-0.242,1.119,0.009,0.009,1808.0,1513.0,1.0
I_5[17],0.416,0.36,-0.23,1.111,0.009,0.009,1815.0,1498.0,1.0
I_5[18],0.271,0.347,-0.329,0.965,0.008,0.009,1844.0,1441.0,1.0
I_5[19],0.244,0.345,-0.354,0.93,0.008,0.009,1847.0,1482.0,1.0
I_5[20],0.161,0.34,-0.446,0.827,0.008,0.009,1852.0,1416.0,1.0
I_5[21],0.125,0.339,-0.513,0.754,0.008,0.008,1853.0,1416.0,1.0
I_5[22],0.047,0.337,-0.58,0.686,0.008,0.008,1861.0,1395.0,1.0
I_5[23],-0.214,0.337,-0.857,0.431,0.008,0.008,1783.0,1301.0,1.0
I_5[24],-0.455,0.349,-1.108,0.233,0.009,0.008,1677.0,1319.0,1.0
I_5[25],-0.488,0.352,-1.147,0.197,0.009,0.008,1660.0,1189.0,1.0
I_5[26],-0.76,0.377,-1.542,-0.146,0.01,0.008,1473.0,1293.0,1.0
I_5[27],-0.859,0.389,-1.608,-0.186,0.01,0.008,1416.0,1311.0,1.0
I_5[28],-1.003,0.409,-1.819,-0.345,0.011,0.009,1341.0,1345.0,1.0
I_5[29],-1.118,0.425,-1.948,-0.424,0.012,0.009,1291.0,1302.0,1.0
I_5[30],-1.33,0.459,-2.208,-0.565,0.013,0.01,1223.0,1609.0,1.0
I_5[31],-1.387,0.469,-2.279,-0.616,0.013,0.01,1207.0,1695.0,1.0
I_5[32],-1.562,0.5,-2.483,-0.731,0.014,0.01,1171.0,1706.0,1.0
I_5[33],-1.734,0.532,-2.738,-0.847,0.015,0.011,1147.0,1709.0,1.0
I_5[34],-1.798,0.544,-2.809,-0.869,0.016,0.011,1138.0,1776.0,1.0
I_5[35],-1.796,0.544,-2.806,-0.866,0.016,0.011,1143.0,1721.0,1.0
I_5[36],-1.787,0.542,-2.809,-0.875,0.015,0.011,1146.0,1714.0,1.0
I_5[37],-1.747,0.534,-2.754,-0.849,0.015,0.011,1155.0,1663.0,1.0
I_5[38],-1.286,0.452,-2.148,-0.513,0.012,0.009,1276.0,1581.0,1.0
I_5[39],-1.26,0.448,-2.131,-0.506,0.012,0.009,1284.0,1607.0,1.0
I_5[40],-1.26,0.448,-2.131,-0.505,0.012,0.009,1284.0,1607.0,1.0
I_5[41],-1.03,0.415,-1.857,-0.355,0.011,0.009,1376.0,1608.0,1.0
I_5[42],0.144,0.344,-0.541,0.795,0.008,0.008,1911.0,1430.0,1.0
I_5[43],0.187,0.344,-0.507,0.824,0.008,0.009,1912.0,1472.0,1.0
I_5[44],0.289,0.347,-0.376,0.948,0.008,0.009,1914.0,1476.0,1.0
I_5[45],0.343,0.349,-0.327,0.997,0.008,0.009,1910.0,1503.0,1.0
I_5[46],0.362,0.35,-0.293,1.023,0.008,0.009,1908.0,1502.0,1.0
I_5[47],0.366,0.35,-0.284,1.035,0.008,0.009,1908.0,1502.0,1.0
I_5[48],0.456,0.357,-0.206,1.141,0.008,0.009,1862.0,1561.0,1.0
I_5[49],0.508,0.361,-0.167,1.192,0.009,0.009,1824.0,1575.0,1.0
I_5[50],0.512,0.362,-0.164,1.197,0.009,0.009,1821.0,1575.0,1.0
I_5[51],0.522,0.362,-0.143,1.225,0.009,0.009,1813.0,1575.0,1.0
I_5[52],0.53,0.363,-0.133,1.233,0.009,0.009,1805.0,1550.0,1.0
I_5[53],0.534,0.364,-0.128,1.24,0.009,0.009,1803.0,1550.0,1.0
I_5[54],0.645,0.374,-0.01,1.386,0.009,0.009,1732.0,1483.0,1.0
I_5[55],0.67,0.377,0.023,1.42,0.009,0.009,1716.0,1506.0,1.0
I_5[56],0.676,0.378,0.02,1.417,0.009,0.009,1713.0,1506.0,1.0
I_5[57],0.736,0.385,0.05,1.467,0.009,0.009,1680.0,1581.0,1.0
I_5[58],0.818,0.396,0.125,1.571,0.01,0.009,1648.0,1555.0,1.0
I_5[59],0.898,0.407,0.184,1.662,0.01,0.01,1627.0,1482.0,1.0
I_5[60],0.792,0.393,0.122,1.591,0.009,0.009,1739.0,1482.0,1.0
I_5[61],0.789,0.392,0.119,1.587,0.009,0.009,1741.0,1482.0,1.0
I_5[62],0.731,0.387,0.072,1.523,0.009,0.009,1788.0,1530.0,1.0
I_5[63],0.708,0.385,0.053,1.501,0.009,0.009,1805.0,1554.0,1.0
I_5[64],0.689,0.383,0.037,1.485,0.009,0.009,1820.0,1554.0,1.0
I_5[65],0.566,0.374,-0.142,1.295,0.009,0.009,1906.0,1549.0,1.0
I_5[66],0.064,0.354,-0.593,0.762,0.008,0.008,2031.0,1628.0,1.0
I_5[67],0.001,0.353,-0.688,0.651,0.008,0.008,2014.0,1600.0,1.0
I_5[68],-0.509,0.36,-1.242,0.088,0.009,0.008,1654.0,1417.0,1.0
I_5[69],-0.58,0.364,-1.298,0.044,0.009,0.008,1575.0,1443.0,1.0
I_5[70],-0.684,0.372,-1.432,-0.067,0.01,0.008,1478.0,1278.0,1.0
I_5[71],-0.847,0.39,-1.599,-0.159,0.01,0.009,1351.0,1083.0,1.0
I_5[72],-0.875,0.394,-1.597,-0.141,0.011,0.009,1334.0,1095.0,1.0
I_5[73],-0.915,0.4,-1.686,-0.207,0.011,0.009,1310.0,1070.0,1.0
I_5[74],-1.0,0.418,-1.813,-0.266,0.012,0.009,1274.0,1181.0,1.0
I_5[75],-1.0,0.424,-1.801,-0.235,0.012,0.009,1275.0,1128.0,1.0
I_5[76],-0.99,0.424,-1.785,-0.217,0.012,0.009,1280.0,1128.0,1.0
I_5[77],-0.339,0.35,-1.047,0.317,0.009,0.009,1654.0,1327.0,1.0
I_5[78],-0.237,0.343,-0.996,0.347,0.008,0.008,1722.0,1346.0,1.0
I_5[79],0.062,0.337,-0.598,0.703,0.008,0.009,1863.0,1409.0,1.0
I_5[80],0.154,0.339,-0.515,0.78,0.008,0.009,1881.0,1348.0,1.0
I_5[81],0.319,0.346,-0.367,0.941,0.008,0.009,1878.0,1486.0,1.0
I_5[82],0.4,0.351,-0.274,1.042,0.008,0.009,1860.0,1485.0,1.0
I_5[83],0.401,0.352,-0.272,1.043,0.008,0.009,1861.0,1485.0,1.0
I_5[84],0.453,0.355,-0.184,1.133,0.008,0.009,1845.0,1486.0,1.0
I_5[85],0.586,0.366,-0.06,1.283,0.009,0.009,1765.0,1400.0,1.0
I_5[86],0.588,0.366,-0.064,1.282,0.009,0.009,1762.0,1320.0,1.0
I_5[87],0.586,0.367,-0.041,1.308,0.009,0.009,1749.0,1554.0,1.0
I_5[88],0.456,0.376,-0.258,1.142,0.009,0.009,1774.0,1293.0,1.0
I_5[89],0.443,0.378,-0.262,1.15,0.009,0.01,1779.0,1350.0,1.0
I_5[90],0.442,0.378,-0.263,1.149,0.009,0.01,1779.0,1350.0,1.0
I_5[91],0.432,0.38,-0.287,1.133,0.009,0.01,1782.0,1406.0,1.0
I_5[92],0.538,0.382,-0.162,1.254,0.009,0.01,1775.0,1386.0,1.0
I_5[93],0.954,0.416,0.273,1.783,0.01,0.01,1647.0,1450.0,1.0
I_5[94],1.096,0.433,0.341,1.908,0.011,0.01,1576.0,1422.0,1.0
I_5[95],1.139,0.439,0.386,1.974,0.011,0.01,1558.0,1445.0,1.0
I_5[96],1.253,0.455,0.512,2.147,0.012,0.01,1512.0,1490.0,1.0
mu_w_5[0],2.015,0.768,0.858,3.422,0.017,0.028,2108.0,1359.0,1.0
mu_w_5[1],4.215,1.485,1.962,6.962,0.036,0.055,1867.0,1388.0,1.0
mu_w_5[2],3.943,1.395,1.745,6.409,0.034,0.053,1851.0,1386.0,1.0
mu_w_5[3],0.945,0.457,0.269,1.78,0.01,0.019,2459.0,1541.0,1.0
mu_w_5[4],0.55,0.327,0.105,1.121,0.007,0.015,2799.0,1566.0,1.0
mu_w_5[5],3.659,1.319,1.561,6.062,0.031,0.044,1981.0,1442.0,1.0
mu_w_5[6],5.333,1.97,2.47,8.964,0.047,0.082,1899.0,1395.0,1.0
mu_w_5[7],7.193,2.962,3.153,12.433,0.071,0.183,1988.0,1458.0,1.01
mu_w_5[8],2.31,0.862,0.853,3.742,0.02,0.033,2006.0,1438.0,1.0
mu_w_5[9],1.006,0.484,0.319,1.919,0.01,0.017,2492.0,1676.0,1.0
mu_w_5[10],3.788,1.338,1.852,6.341,0.032,0.053,1861.0,1320.0,1.0
mu_w_5[11],5.108,2.088,2.06,8.634,0.049,0.09,2015.0,1619.0,1.0
mu_w_5[12],10.851,5.185,4.112,19.67,0.122,0.362,2111.0,1619.0,1.0
I_6[0],1.293,0.499,0.351,2.199,0.013,0.012,1402.0,1421.0,1.0
I_6[1],1.271,0.496,0.349,2.181,0.013,0.012,1406.0,1420.0,1.0
I_6[2],1.197,0.487,0.385,2.169,0.013,0.012,1425.0,1440.0,1.0
I_6[3],1.187,0.486,0.379,2.158,0.013,0.012,1426.0,1396.0,1.0
I_6[4],1.187,0.486,0.379,2.158,0.013,0.012,1426.0,1396.0,1.0
I_6[5],1.136,0.48,0.346,2.097,0.013,0.011,1434.0,1438.0,1.0
I_6[6],1.131,0.48,0.34,2.09,0.013,0.011,1435.0,1417.0,1.0
I_6[7],1.113,0.477,0.321,2.063,0.013,0.011,1436.0,1396.0,1.0
I_6[8],1.112,0.477,0.318,2.061,0.013,0.011,1436.0,1437.0,1.0
I_6[9],1.058,0.471,0.256,1.99,0.012,0.011,1448.0,1355.0,1.0
I_6[10],0.97,0.46,0.131,1.827,0.012,0.011,1461.0,1376.0,1.0
I_6[11],0.923,0.454,0.109,1.787,0.012,0.011,1468.0,1337.0,1.0
I_6[12],0.9,0.452,0.107,1.777,0.012,0.011,1471.0,1358.0,1.0
I_6[13],0.882,0.45,0.167,1.827,0.012,0.011,1473.0,1357.0,1.0
I_6[14],0.853,0.446,0.14,1.784,0.012,0.011,1479.0,1418.0,1.0
I_6[15],0.851,0.446,0.138,1.781,0.012,0.011,1479.0,1418.0,1.0
I_6[16],0.828,0.444,0.106,1.742,0.012,0.011,1483.0,1433.0,1.0
I_6[17],0.828,0.444,0.105,1.742,0.012,0.011,1483.0,1433.0,1.0
I_6[18],0.819,0.443,0.101,1.73,0.012,0.011,1486.0,1455.0,1.0
I_6[19],0.786,0.439,0.015,1.632,0.012,0.011,1491.0,1454.0,1.0
I_6[20],0.687,0.43,-0.066,1.525,0.011,0.011,1501.0,1483.0,1.0
I_6[21],0.672,0.429,-0.104,1.481,0.011,0.011,1503.0,1435.0,1.0
I_6[22],0.61,0.424,-0.106,1.458,0.011,0.011,1506.0,1432.0,1.0
I_6[23],0.583,0.422,-0.134,1.427,0.011,0.011,1506.0,1433.0,1.0
I_6[24],0.463,0.415,-0.335,1.203,0.011,0.011,1502.0,1481.0,1.0
I_6[25],0.323,0.408,-0.425,1.091,0.011,0.011,1496.0,1391.0,1.0
I_6[26],0.279,0.407,-0.475,1.04,0.011,0.011,1490.0,1414.0,1.0
I_6[27],0.047,0.404,-0.708,0.794,0.011,0.011,1434.0,1256.0,1.0
I_6[28],0.017,0.404,-0.741,0.761,0.011,0.011,1424.0,1282.0,1.0
I_6[29],-0.103,0.406,-0.837,0.658,0.011,0.011,1348.0,1412.0,1.0
I_6[30],-0.243,0.41,-0.992,0.515,0.012,0.011,1287.0,1381.0,1.0
I_6[31],-0.312,0.414,-1.125,0.414,0.012,0.011,1270.0,1305.0,1.0
I_6[32],-0.368,0.417,-1.188,0.368,0.012,0.011,1258.0,1352.0,1.0
I_6[33],-0.387,0.418,-1.193,0.365,0.012,0.011,1254.0,1352.0,1.0
I_6[34],-0.392,0.418,-1.199,0.361,0.012,0.011,1253.0,1316.0,1.0
I_6[35],-0.441,0.422,-1.259,0.313,0.012,0.011,1241.0,1316.0,1.0
I_6[36],-0.475,0.424,-1.295,0.282,0.012,0.011,1239.0,1315.0,1.0
I_6[37],-0.507,0.427,-1.344,0.237,0.012,0.011,1236.0,1279.0,1.0
I_6[38],-0.522,0.428,-1.362,0.225,0.012,0.011,1233.0,1278.0,1.0
I_6[39],-0.535,0.429,-1.39,0.199,0.012,0.011,1232.0,1278.0,1.0
I_6[40],-0.722,0.448,-1.563,0.102,0.013,0.011,1221.0,1352.0,1.0
I_6[41],-1.05,0.495,-2.058,-0.201,0.014,0.011,1194.0,1421.0,1.0
I_6[42],-1.065,0.497,-2.08,-0.217,0.015,0.011,1191.0,1467.0,1.0
I_6[43],-1.382,0.538,-2.427,-0.448,0.016,0.012,1089.0,1474.0,1.0
I_6[44],-1.277,0.52,-2.279,-0.359,0.016,0.012,1100.0,1546.0,1.0
I_6[45],-0.809,0.458,-1.669,0.035,0.013,0.011,1188.0,1359.0,1.0
I_6[46],-0.76,0.453,-1.605,0.076,0.013,0.011,1198.0,1426.0,1.0
I_6[47],-0.605,0.438,-1.403,0.237,0.013,0.011,1236.0,1365.0,1.0
I_6[48],-0.449,0.426,-1.211,0.38,0.012,0.011,1277.0,1313.0,1.0
I_6[49],-0.4,0.422,-1.162,0.425,0.012,0.011,1285.0,1313.0,1.0
I_6[50],-0.366,0.42,-1.113,0.47,0.012,0.011,1294.0,1331.0,1.0
I_6[51],-0.343,0.419,-1.113,0.464,0.012,0.011,1298.0,1331.0,1.0
I_6[52],-0.291,0.416,-1.115,0.446,0.012,0.011,1306.0,1410.0,1.0
I_6[53],-0.179,0.412,-0.985,0.549,0.011,0.011,1359.0,1416.0,1.0
I_6[54],-0.168,0.411,-0.972,0.561,0.011,0.011,1363.0,1482.0,1.0
I_6[55],-0.139,0.41,-0.903,0.624,0.011,0.011,1378.0,1481.0,1.0
I_6[56],-0.111,0.41,-0.885,0.64,0.011,0.011,1393.0,1471.0,1.0
I_6[57],0.201,0.409,-0.57,0.959,0.011,0.011,1505.0,1378.0,1.0
I_6[58],0.497,0.421,-0.21,1.363,0.011,0.011,1521.0,1571.0,1.0
I_6[59],0.608,0.428,-0.142,1.456,0.011,0.011,1515.0,1468.0,1.0
I_6[60],0.678,0.434,-0.076,1.534,0.011,0.011,1509.0,1540.0,1.0
I_6[61],0.709,0.436,-0.055,1.562,0.011,0.011,1507.0,1591.0,1.0
I_6[62],0.846,0.449,0.113,1.758,0.012,0.011,1486.0,1467.0,1.0
I_6[63],0.895,0.454,0.149,1.801,0.012,0.011,1478.0,1411.0,1.0
I_6[64],0.9,0.454,0.155,1.807,0.012,0.011,1477.0,1411.0,1.0
I_6[65],0.971,0.462,0.202,1.873,0.012,0.011,1464.0,1355.0,1.0
I_6[66],0.978,0.462,0.205,1.879,0.012,0.011,1463.0,1355.0,1.0
I_6[67],1.075,0.473,0.253,1.968,0.013,0.011,1446.0,1459.0,1.0
I_6[68],1.163,0.484,0.321,2.071,0.013,0.012,1425.0,1507.0,1.0
I_6[69],1.181,0.486,0.357,2.115,0.013,0.012,1422.0,1531.0,1.0
I_6[70],1.185,0.486,0.344,2.106,0.013,0.012,1420.0,1531.0,1.0
I_6[71],1.208,0.489,0.356,2.127,0.013,0.012,1412.0,1507.0,1.0
I_6[72],1.299,0.502,0.437,2.251,0.013,0.012,1395.0,1532.0,1.0
I_6[73],1.313,0.505,0.503,2.322,0.014,0.012,1395.0,1557.0,1.0
I_6[74],1.315,0.505,0.506,2.324,0.014,0.012,1396.0,1527.0,1.0
I_6[75],1.321,0.507,0.507,2.327,0.014,0.012,1397.0,1553.0,1.0
I_6[76],1.298,0.507,0.491,2.324,0.014,0.012,1418.0,1550.0,1.0
I_6[77],1.19,0.501,0.365,2.203,0.013,0.012,1456.0,1505.0,1.0
I_6[78],1.155,0.498,0.286,2.111,0.013,0.012,1471.0,1553.0,1.0
I_6[79],1.048,0.49,0.122,1.929,0.013,0.012,1510.0,1635.0,1.0
I_6[80],0.857,0.475,-0.036,1.709,0.012,0.012,1570.0,1616.0,1.0
I_6[81],0.244,0.429,-0.545,1.035,0.011,0.011,1631.0,1495.0,1.0
I_6[82],0.107,0.421,-0.681,0.897,0.011,0.011,1587.0,1299.0,1.0
I_6[83],0.081,0.419,-0.7,0.875,0.011,0.011,1577.0,1299.0,1.0
I_6[84],-0.205,0.411,-0.939,0.58,0.011,0.011,1371.0,1377.0,1.0
I_6[85],-0.219,0.411,-0.951,0.566,0.011,0.011,1353.0,1377.0,1.0
I_6[86],-0.242,0.412,-0.969,0.559,0.011,0.011,1333.0,1459.0,1.0
I_6[87],-0.242,0.412,-0.969,0.56,0.011,0.011,1332.0,1459.0,1.0
I_6[88],-0.245,0.412,-0.998,0.528,0.011,0.011,1326.0,1436.0,1.0
I_6[89],-0.243,0.412,-0.989,0.532,0.011,0.011,1318.0,1435.0,1.0
I_6[90],-0.241,0.412,-0.988,0.531,0.011,0.011,1319.0,1529.0,1.0
I_6[91],-0.241,0.412,-0.987,0.53,0.011,0.011,1318.0,1529.0,1.0
I_6[92],-0.234,0.411,-0.98,0.533,0.011,0.011,1317.0,1529.0,1.0
I_6[93],-0.213,0.411,-0.975,0.545,0.011,0.011,1318.0,1479.0,1.0
I_6[94],-0.204,0.41,-0.984,0.536,0.011,0.011,1319.0,1458.0,1.0
I_6[95],-0.134,0.406,-0.882,0.611,0.011,0.011,1336.0,1525.0,1.0
I_6[96],-0.13,0.406,-0.875,0.615,0.011,0.011,1339.0,1501.0,1.0
I_6[97],-0.09,0.405,-0.822,0.678,0.011,0.011,1378.0,1477.0,1.0
I_6[98],-0.081,0.404,-0.821,0.688,0.011,0.011,1392.0,1455.0,1.0
I_6[99],-0.068,0.405,-0.794,0.734,0.011,0.011,1437.0,1552.0,1.0
I_6[100],-0.067,0.406,-0.821,0.715,0.011,0.011,1455.0,1503.0,1.0
I_6[101],-0.069,0.407,-0.796,0.743,0.011,0.011,1470.0,1504.0,1.0
I_6[102],-0.092,0.412,-0.858,0.69,0.011,0.011,1523.0,1502.0,1.0
I_6[103],-0.115,0.415,-0.862,0.705,0.011,0.011,1553.0,1525.0,1.0
I_6[104],-0.172,0.423,-0.929,0.663,0.011,0.011,1586.0,1545.0,1.0
I_6[105],-0.239,0.43,-1.059,0.561,0.011,0.011,1610.0,1611.0,1.0
I_6[106],-0.38,0.443,-1.206,0.454,0.011,0.011,1641.0,1634.0,1.0
I_6[107],-0.447,0.448,-1.282,0.396,0.011,0.011,1635.0,1632.0,1.0
I_6[108],-0.585,0.456,-1.489,0.232,0.012,0.011,1580.0,1588.0,1.0
I_6[109],-0.674,0.46,-1.562,0.161,0.012,0.01,1530.0,1531.0,1.0
I_6[110],-0.679,0.46,-1.568,0.154,0.012,0.01,1526.0,1529.0,1.0
I_6[111],-0.791,0.461,-1.641,0.077,0.013,0.01,1390.0,1604.0,1.0
I_6[112],-0.791,0.461,-1.641,0.077,0.013,0.01,1390.0,1604.0,1.0
I_6[113],-0.772,0.455,-1.619,0.05,0.013,0.011,1313.0,1493.0,1.0
I_6[114],-0.727,0.449,-1.581,0.071,0.013,0.011,1289.0,1373.0,1.0
I_6[115],-0.546,0.432,-1.364,0.236,0.012,0.011,1280.0,1350.0,1.0
I_6[116],-0.542,0.432,-1.36,0.24,0.012,0.011,1279.0,1389.0,1.0
I_6[117],-0.521,0.43,-1.358,0.239,0.012,0.011,1276.0,1391.0,1.0
I_6[118],-0.429,0.424,-1.262,0.321,0.012,0.011,1276.0,1333.0,1.0
I_6[119],-0.322,0.419,-1.104,0.464,0.012,0.011,1288.0,1432.0,1.0
I_6[120],-0.072,0.423,-0.817,0.779,0.012,0.011,1371.0,1589.0,1.0
I_6[121],-0.039,0.426,-0.796,0.806,0.011,0.011,1408.0,1577.0,1.0
I_6[122],-0.036,0.426,-0.784,0.813,0.011,0.011,1412.0,1577.0,1.0
I_6[123],0.215,0.475,-0.624,1.146,0.011,0.012,1874.0,1619.0,1.0
I_6[124],0.322,0.523,-0.567,1.398,0.011,0.012,2155.0,1586.0,1.0
I_6[125],0.362,0.55,-0.626,1.429,0.011,0.013,2290.0,1745.0,1.0
I_6[126],0.392,0.578,-0.673,1.467,0.011,0.014,2430.0,1654.0,1.0
I_6[127],0.395,0.581,-0.673,1.481,0.011,0.014,2449.0,1666.0,1.0
I_6[128],0.405,0.594,-0.647,1.545,0.012,0.014,2506.0,1661.0,1.0
I_6[129],0.408,0.597,-0.654,1.553,0.012,0.014,2526.0,1661.0,1.0
I_6[130],0.421,0.619,-0.768,1.519,0.012,0.015,2633.0,1547.0,1.0
I_6[131],0.434,0.661,-0.825,1.589,0.012,0.017,2781.0,1479.0,1.0
I_6[132],0.432,0.71,-0.891,1.727,0.013,0.019,2959.0,1683.0,1.0
I_6[133],0.43,0.721,-0.951,1.719,0.013,0.02,3021.0,1640.0,1.0
mu_w_6[0],22.188,10.326,7.563,38.858,0.241,0.422,1998.0,1769.0,1.0
mu_w_6[1],8.849,3.236,3.695,14.473,0.076,0.117,2026.0,1523.0,1.0
mu_w_6[2],3.393,1.401,1.255,6.018,0.031,0.044,2308.0,1757.0,1.0
mu_w_6[3],2.243,1.083,0.648,4.184,0.023,0.039,2439.0,1768.0,1.0
mu_w_6[4],11.104,4.196,4.964,18.695,0.101,0.15,2029.0,1640.0,1.0
mu_w_6[5],20.233,9.685,6.957,36.034,0.228,0.463,1866.0,1612.0,1.0
mu_w_6[6],5.42,1.995,2.104,8.884,0.045,0.063,2180.0,1733.0,1.0
mu_w_6[7],3.641,1.559,1.349,6.531,0.035,0.047,2215.0,1649.0,1.0
mu_w_6[8],7.622,3.675,2.438,14.041,0.075,0.157,2697.0,1709.0,1.0
I_7[0],-0.347,0.295,-0.89,0.228,0.007,0.008,1701.0,1420.0,1.0
I_7[1],-0.402,0.3,-0.959,0.166,0.008,0.008,1676.0,1474.0,1.0
I_7[2],-0.368,0.295,-0.901,0.192,0.007,0.008,1694.0,1482.0,1.0
I_7[3],-0.366,0.294,-0.897,0.193,0.007,0.008,1695.0,1482.0,1.0
I_7[4],-0.363,0.294,-0.895,0.193,0.007,0.008,1698.0,1482.0,1.0
I_7[5],-0.315,0.291,-0.869,0.235,0.007,0.008,1715.0,1351.0,1.0
I_7[6],-0.301,0.291,-0.869,0.236,0.007,0.008,1722.0,1382.0,1.0
I_7[7],-0.3,0.29,-0.872,0.235,0.007,0.008,1713.0,1381.0,1.0
I_7[8],-0.322,0.291,-0.87,0.229,0.007,0.008,1684.0,1322.0,1.0
I_7[9],-0.375,0.297,-0.906,0.206,0.007,0.008,1665.0,1473.0,1.0
I_7[10],-0.571,0.37,-1.286,0.096,0.009,0.009,1863.0,1427.0,1.0
I_7[11],-0.597,0.384,-1.31,0.129,0.009,0.009,1913.0,1407.0,1.0
I_7[12],-0.665,0.432,-1.506,0.111,0.01,0.01,2052.0,1366.0,1.0
I_7[13],-0.712,0.474,-1.624,0.134,0.01,0.011,2158.0,1571.0,1.0
I_7[14],-0.724,0.565,-1.828,0.262,0.012,0.012,2397.0,1582.0,1.0
I_7[15],-0.713,0.568,-1.84,0.257,0.012,0.012,2410.0,1608.0,1.0
I_7[16],-0.225,0.303,-0.832,0.323,0.007,0.007,1973.0,1714.0,1.0
I_7[17],-0.258,0.291,-0.828,0.274,0.007,0.007,1885.0,1549.0,1.0
I_7[18],-0.338,0.292,-0.895,0.221,0.007,0.008,1756.0,1502.0,1.0
I_7[19],-0.408,0.301,-0.958,0.163,0.007,0.008,1704.0,1397.0,1.0
I_7[20],-0.439,0.304,-0.984,0.138,0.008,0.008,1678.0,1412.0,1.0
I_7[21],-0.433,0.303,-0.986,0.126,0.008,0.008,1676.0,1427.0,1.0
I_7[22],-0.43,0.303,-0.984,0.127,0.008,0.008,1675.0,1406.0,1.0
I_7[23],-0.427,0.302,-0.979,0.131,0.008,0.008,1676.0,1406.0,1.0
I_7[24],-0.422,0.301,-0.943,0.161,0.008,0.008,1677.0,1438.0,1.0
I_7[25],-0.411,0.3,-0.93,0.173,0.008,0.008,1678.0,1374.0,1.0
I_7[26],-0.404,0.299,-0.929,0.169,0.007,0.008,1678.0,1417.0,1.0
I_7[27],-0.397,0.298,-0.92,0.175,0.007,0.008,1680.0,1406.0,1.0
I_7[28],-0.388,0.297,-0.904,0.19,0.007,0.008,1682.0,1406.0,1.0
I_7[29],-0.351,0.294,-0.872,0.226,0.007,0.008,1690.0,1460.0,1.0
I_7[30],-0.343,0.293,-0.863,0.232,0.007,0.008,1691.0,1443.0,1.0
I_7[31],-0.316,0.291,-0.837,0.256,0.007,0.008,1699.0,1396.0,1.0
I_7[32],-0.254,0.286,-0.78,0.296,0.007,0.007,1719.0,1395.0,1.0
I_7[33],-0.229,0.285,-0.762,0.316,0.007,0.007,1724.0,1375.0,1.0
I_7[34],-0.212,0.284,-0.73,0.345,0.007,0.007,1728.0,1416.0,1.0
I_7[35],-0.205,0.283,-0.722,0.352,0.007,0.007,1730.0,1416.0,1.0
I_7[36],-0.057,0.279,-0.579,0.48,0.007,0.007,1776.0,1299.0,1.0
I_7[37],0.005,0.279,-0.524,0.544,0.007,0.007,1784.0,1299.0,1.0
I_7[38],0.021,0.279,-0.515,0.551,0.007,0.007,1787.0,1299.0,1.0
I_7[39],0.044,0.279,-0.512,0.555,0.007,0.007,1786.0,1317.0,1.0
I_7[40],0.045,0.279,-0.49,0.578,0.007,0.007,1787.0,1317.0,1.0
I_7[41],0.04,0.28,-0.495,0.574,0.007,0.007,1785.0,1317.0,1.0
I_7[42],0.008,0.28,-0.537,0.53,0.007,0.007,1780.0,1316.0,1.0
I_7[43],-0.421,0.299,-1.019,0.095,0.007,0.008,1680.0,1382.0,1.0
I_7[44],-0.718,0.329,-1.371,-0.133,0.009,0.009,1457.0,1345.0,1.0
I_7[45],-0.794,0.339,-1.473,-0.21,0.009,0.009,1407.0,1435.0,1.0
I_7[46],-0.823,0.343,-1.507,-0.237,0.009,0.009,1390.0,1434.0,1.0
I_7[47],-0.863,0.348,-1.534,-0.252,0.01,0.009,1362.0,1414.0,1.0
I_7[48],-0.826,0.344,-1.491,-0.228,0.009,0.009,1388.0,1359.0,1.0
I_7[49],-0.821,0.343,-1.498,-0.235,0.009,0.009,1391.0,1359.0,1.0
I_7[50],-0.818,0.343,-1.491,-0.23,0.009,0.009,1393.0,1379.0,1.0
I_7[51],-0.766,0.336,-1.415,-0.172,0.009,0.009,1427.0,1322.0,1.0
I_7[52],-0.712,0.329,-1.361,-0.134,0.009,0.009,1461.0,1358.0,1.0
I_7[53],-0.569,0.313,-1.21,-0.026,0.008,0.008,1564.0,1395.0,1.0
I_7[54],-0.492,0.305,-1.127,0.024,0.008,0.008,1630.0,1354.0,1.0
I_7[55],-0.402,0.297,-0.993,0.128,0.007,0.008,1691.0,1378.0,1.0
I_7[56],-0.193,0.284,-0.714,0.364,0.007,0.008,1749.0,1439.0,1.0
I_7[57],-0.186,0.284,-0.707,0.373,0.007,0.008,1753.0,1439.0,1.0
I_7[58],-0.167,0.283,-0.701,0.377,0.007,0.008,1756.0,1438.0,1.0
I_7[59],-0.045,0.28,-0.595,0.466,0.007,0.007,1771.0,1434.0,1.0
I_7[60],0.237,0.284,-0.277,0.809,0.007,0.007,1746.0,1473.0,1.0
I_7[61],0.306,0.287,-0.228,0.873,0.007,0.007,1728.0,1449.0,1.0
I_7[62],0.362,0.291,-0.188,0.92,0.007,0.007,1711.0,1461.0,1.0
I_7[63],0.519,0.304,-0.044,1.105,0.008,0.007,1666.0,1555.0,1.0
I_7[64],0.539,0.306,0.036,1.188,0.008,0.007,1659.0,1554.0,1.0
I_7[65],0.696,0.323,0.157,1.354,0.008,0.007,1610.0,1665.0,1.0
I_7[66],0.769,0.333,0.217,1.433,0.008,0.007,1574.0,1649.0,1.0
I_7[67],0.82,0.34,0.255,1.494,0.009,0.007,1552.0,1565.0,1.0
I_7[68],0.815,0.339,0.226,1.46,0.009,0.007,1554.0,1515.0,1.0
I_7[69],0.506,0.304,-0.057,1.084,0.008,0.007,1635.0,1521.0,1.0
I_7[70],0.452,0.3,-0.117,1.011,0.007,0.007,1648.0,1498.0,1.0
I_7[71],0.227,0.286,-0.257,0.829,0.007,0.007,1693.0,1547.0,1.0
I_7[72],0.084,0.282,-0.425,0.641,0.007,0.007,1710.0,1472.0,1.0
I_7[73],0.001,0.282,-0.502,0.557,0.007,0.007,1709.0,1503.0,1.0
I_7[74],-0.02,0.282,-0.527,0.537,0.007,0.007,1708.0,1479.0,1.0
I_7[75],-0.094,0.283,-0.621,0.451,0.007,0.007,1701.0,1396.0,1.0
I_7[76],-0.106,0.283,-0.635,0.431,0.007,0.007,1702.0,1337.0,1.0
I_7[77],-0.096,0.282,-0.621,0.442,0.007,0.007,1705.0,1357.0,1.0
I_7[78],-0.056,0.281,-0.585,0.48,0.007,0.007,1711.0,1357.0,1.0
I_7[79],0.216,0.284,-0.27,0.813,0.007,0.007,1713.0,1482.0,1.0
I_7[80],0.357,0.292,-0.137,0.973,0.007,0.007,1695.0,1479.0,1.0
I_7[81],0.952,0.359,0.343,1.624,0.009,0.008,1467.0,1473.0,1.0
I_7[82],1.069,0.377,0.416,1.772,0.01,0.008,1413.0,1597.0,1.0
I_7[83],1.415,0.436,0.678,2.244,0.012,0.009,1283.0,1572.0,1.0
I_7[84],1.466,0.445,0.711,2.308,0.012,0.009,1270.0,1572.0,1.0
I_7[85],1.55,0.461,0.762,2.422,0.013,0.01,1248.0,1547.0,1.0
I_7[86],1.652,0.479,0.847,2.566,0.014,0.01,1226.0,1475.0,1.0
I_7[87],1.67,0.482,0.864,2.595,0.014,0.01,1223.0,1475.0,1.0
I_7[88],1.699,0.487,0.854,2.599,0.014,0.01,1218.0,1474.0,1.0
I_7[89],1.672,0.481,0.838,2.561,0.014,0.01,1219.0,1546.0,1.0
I_7[90],1.613,0.469,0.809,2.486,0.013,0.01,1228.0,1546.0,1.0
I_7[91],1.506,0.448,0.75,2.36,0.013,0.009,1247.0,1521.0,1.0
I_7[92],1.38,0.424,0.673,2.206,0.012,0.009,1270.0,1597.0,1.0
I_7[93],1.297,0.409,0.588,2.073,0.011,0.009,1285.0,1594.0,1.0
I_7[94],1.289,0.407,0.585,2.062,0.011,0.009,1287.0,1594.0,1.0
I_7[95],1.008,0.364,0.38,1.716,0.01,0.008,1383.0,1663.0,1.0
mu_w_7[0],0.964,0.43,0.296,1.712,0.009,0.014,2967.0,1352.0,1.0
mu_w_7[1],0.843,0.382,0.263,1.504,0.008,0.013,2639.0,1333.0,1.0
mu_w_7[2],0.699,0.445,0.102,1.509,0.01,0.018,2670.0,1555.0,1.0
mu_w_7[3],1.053,0.453,0.371,1.87,0.009,0.015,2800.0,1258.0,1.0
mu_w_7[4],0.959,0.431,0.282,1.701,0.009,0.014,3012.0,1436.0,1.0
mu_w_7[5],1.469,0.596,0.577,2.56,0.012,0.019,2773.0,1256.0,1.0
mu_w_7[6],0.635,0.32,0.135,1.187,0.006,0.011,3055.0,1580.0,1.0
mu_w_7[7],0.67,0.332,0.172,1.263,0.006,0.011,3052.0,1632.0,1.0
mu_w_7[8],1.95,0.763,0.791,3.34,0.016,0.025,2607.0,1431.0,1.0
mu_w_7[9],2.551,0.99,1.152,4.429,0.021,0.031,2374.0,1415.0,1.0
mu_w_7[10],1.486,0.602,0.596,2.624,0.012,0.02,2834.0,1251.0,1.0
mu_w_7[11],8.66,4.516,2.819,16.375,0.097,0.167,2208.0,1387.0,1.0
mu_w_7[12],6.896,3.276,2.387,12.615,0.07,0.106,2225.0,1259.0,1.0
